host_response_time,host_response_rate,host_acceptance_rate,host_is_superhost,host_verifications,host_has_profile_pic,host_identity_verified,property_type,room_type,price,has_availability,instant_bookable,host_listings_count,host_total_listings_count,accommodates,bathrooms,bedrooms,beds,minimum_nights,maximum_nights,minimum_nights_avg_ntm,maximum_nights_avg_ntm,availability_30,availability_60,availability_90,availability_365,number_of_reviews_ltm,number_of_reviews_l30d,review_scores_rating,review_scores_accuracy,review_scores_cleanliness,review_scores_checkin,review_scores_communication,review_scores_location,review_scores_value,calculated_host_listings_count,reviews_per_month,amenities_encoded
0,1,0.92,0,1.0,1,1,1,1,150.0,1,0,1.0,1.0,0,2.0,2,2.0,3.0,700,3.0,700.0,1,17,17,89,21.0,1,4.95,4.95,4.97,4.99,4.98,4.98,4.89,1,1.72,529
1,1,1.0,1,,1,1,0,1,135.0,1,0,2.0,2.0,0,1.0,1,1.0,2.0,730,2.0,1125.0,0,25,53,290,15.6,5,4.97,4.98,4.95,4.97,4.99,4.93,4.94,2,3.92,304
1,0,0.99,1,1.0,1,1,1,1,167.0,1,0,22.0,38.0,0,1.5,1,2.0,3.0,1125,5.1,1125.0,1,44,74,340,3.0,1,4.76,4.89,4.82,4.95,4.97,4.97,4.7,3,0.3,390
1,1,0.92,1,1.0,1,0,0,1,175.0,1,1,2.0,2.0,0,1.0,1,1.0,3.0,3,3.0,3.0,0,39,69,249,6.0,0,4.96,5.0,5.0,5.0,4.98,5.0,4.73,2,0.47,382
1,1,1.0,1,1.0,1,1,1,1,255.0,1,0,2.0,2.0,1,2.0,3,3.0,3.0,31,3.0,31.0,0,33,63,335,41.0,2,4.77,4.87,4.9,4.91,4.83,4.89,4.73,1,2.46,98
0,1,0.4,0,1.0,1,1,1,1,514.0,1,0,1.0,1.0,0,1.0,2,2.0,9.4,180,10.2,180.0,0,0,0,101,2.0,0,4.97,4.94,4.99,4.98,5.0,5.0,4.74,1,0.64,211
0,1,0.95,1,1.0,1,1,0,1,125.0,1,0,1.0,2.0,0,1.0,1,2.0,2.0,1125,2.0,1125.0,0,32,62,87,24.0,1,4.94,4.94,4.83,4.98,4.98,4.94,4.88,1,1.76,59
1,1,0.91,1,1.0,1,1,1,1,149.0,1,0,1.0,3.0,0,1.0,2,2.0,30.0,1125,30.0,1125.0,1,59,89,303,4.0,1,4.89,4.97,4.92,4.96,4.97,4.97,4.87,1,0.57,15
1,1,1.0,1,1.0,1,1,0,1,200.0,1,0,2.0,2.0,0,1.0,1,2.0,2.0,1125,2.0,1125.0,1,52,82,347,42.0,4,4.99,4.99,4.97,4.99,4.99,4.99,4.95,2,2.3,319
1,1,1.0,0,1.0,1,1,0,1,235.0,1,0,3.0,3.0,0,1.0,1,2.0,3.0,120,3.0,1125.0,1,29,59,215,17.0,2,4.91,4.85,4.94,4.99,5.0,4.96,4.85,3,0.86,546
0,0,0.0,0,1.0,1,1,1,1,140.0,1,0,2.0,9.0,0,2.0,4,3.0,30.0,180,30.0,180.0,0,38,62,62,0.0,0,4.9,4.9,4.9,4.9,4.9,4.9,4.8,1,2.1,101
1,1,1.0,1,1.0,1,1,0,1,1275.0,1,0,2.0,2.0,1,1.6,5,2.3,7.0,120,7.0,120.0,1,53,83,358,0.0,0,5.0,5.0,5.0,5.0,5.0,5.0,5.0,2,0.01,340
0,0,1.0,0,1.0,1,0,1,1,165.0,1,0,1.0,1.0,1,2.5,4,4.0,30.0,1125,30.0,1125.0,1,60,90,345,2.0,0,4.8,4.86,4.9,4.88,4.83,4.81,4.72,1,1.43,273
1,1,0.95,0,1.0,1,1,0,1,250.0,1,0,1.0,2.0,0,2.0,2,2.0,30.0,1125,30.0,1125.0,1,57,87,362,0.0,0,4.93,5.0,5.0,5.0,5.0,4.85,4.92,1,0.13,249
1,1,1.0,1,1.0,1,1,0,1,154.0,1,0,1.0,1.0,0,1.0,1,3.0,2.0,1125,2.0,1125.0,1,57,87,355,28.0,0,4.91,4.94,4.84,4.98,4.97,4.99,4.82,1,3.35,73
1,1,1.0,1,1.0,1,1,0,1,88.0,1,1,2.0,2.0,0,1.0,1,2.0,3.0,99,3.0,99.0,0,37,67,67,34.0,2,4.86,4.94,4.85,4.96,4.93,4.97,4.83,2,3.56,483
1,1,1.0,1,1.0,1,1,0,1,96.0,1,1,4.0,11.0,0,1.0,1,1.0,2.0,35,9.1,1125.0,1,32,32,36,3.0,0,4.84,4.94,4.87,4.97,4.97,4.88,4.78,2,0.28,360
1,1,1.0,1,1.0,1,1,1,1,899.0,1,1,3.0,3.0,0,1.5,2,3.0,3.0,180,3.0,180.0,0,0,0,50,2.0,0,4.92,4.88,4.92,4.95,4.98,4.98,4.69,1,0.58,230
0,1,0.75,0,1.0,1,1,0,1,199.0,1,0,1.0,1.0,1,2.5,3,3.0,30.0,1125,30.0,1125.0,1,54,84,290,1.0,0,4.94,4.98,4.9,4.99,4.99,4.92,4.93,1,1.45,547
1,1,1.0,0,1.0,1,1,1,1,222.0,1,1,3.0,3.0,1,2.0,4,2.3,2.0,31,3.3,1125.0,1,26,44,245,25.0,2,4.98,4.97,4.99,4.99,5.0,4.98,4.89,2,1.92,31
1,1,1.0,1,1.0,1,1,0,1,165.0,1,1,1.0,1.0,0,1.0,1,2.0,3.0,1125,3.0,1125.0,1,27,57,295,26.0,1,4.92,4.95,4.94,4.98,4.96,4.98,4.89,1,2.06,480
1,1,1.0,0,1.0,1,1,0,1,290.0,1,0,1.0,1.0,1,2.0,2,2.3,3.0,1125,3.0,1125.0,1,33,61,194,7.0,1,4.98,4.94,4.96,4.91,4.91,5.0,4.81,1,0.59,436
1,1,1.0,1,1.0,1,1,0,1,126.0,1,1,2.0,2.0,0,1.0,2,3.0,1.0,1125,1.6,1125.0,1,41,71,334,15.6,2,4.94,4.94,4.97,4.98,4.98,4.99,4.87,2,1.8,358
1,1,1.0,1,,1,1,0,1,139.0,1,1,1.0,1.0,0,1.0,2,2.0,3.0,1125,3.0,1125.0,0,8,29,282,29.0,3,4.97,4.96,4.94,4.98,4.99,4.92,4.87,1,2.72,272
1,1,1.0,0,1.0,1,1,1,1,175.0,1,1,1.0,1.0,1,2.0,3,4.0,2.0,1125,2.0,1125.0,1,32,62,152,32.0,1,4.9,4.92,4.87,4.93,4.9,4.96,4.85,1,2.07,41
0,0,0.95,0,1.0,1,1,1,1,275.0,1,0,2.0,7.0,0,2.0,3,2.0,27.0,60,27.0,1125.0,1,60,90,90,0.0,0,5.0,5.0,5.0,5.0,5.0,5.0,5.0,2,0.05,539
1,1,0.99,1,1.0,1,1,0,1,144.0,1,0,1.0,1.0,0,1.0,1,1.0,1.0,1125,1.0,1125.0,0,40,61,151,53.0,4,4.97,4.98,4.98,4.99,4.98,4.97,4.92,1,4.86,524
1,1,0.99,0,1.0,1,1,0,0,32.0,1,0,5.0,5.0,1,2.5,1,2.0,1.0,1125,1.0,600.2,1,59,89,172,37.0,2,4.9,4.78,4.9,4.86,4.83,4.88,4.8,5,3.26,286
1,1,0.99,0,1.0,1,1,0,0,53.0,1,0,5.0,5.0,0,2.5,1,1.0,1.0,365,1.0,198.7,1,41,71,151,25.0,3,4.9,4.79,4.9,4.9,4.79,4.89,4.74,5,2.21,287
1,1,1.0,0,1.0,1,1,0,1,120.0,1,0,1.0,1.0,0,1.0,2,2.0,30.0,90,30.0,90.0,1,59,89,362,2.0,1,5.0,5.0,5.0,5.0,5.0,5.0,5.0,1,0.36,155
1,1,0.99,0,1.0,1,1,0,0,38.0,1,1,5.0,5.0,0,2.5,1,4.0,1.0,1125,1.0,610.1,1,60,90,170,48.0,2,4.9,4.9,4.9,4.9,4.77,4.83,4.9,5,2.17,286
1,1,0.99,0,1.0,1,1,0,0,40.0,1,1,5.0,5.0,0,2.5,1,3.0,1.0,1125,1.0,610.1,1,60,90,170,13.0,2,4.9,4.78,4.9,4.8,4.85,4.83,4.7,5,0.94,286
0,1,0.83,1,1.0,1,0,1,1,225.0,1,0,3.0,4.0,0,2.0,3,3.0,28.0,1125,28.0,1125.0,1,52,82,262,0.0,0,4.89,5.0,4.89,4.89,5.0,5.0,4.89,2,0.31,109
1,1,1.0,0,1.0,1,1,1,1,249.0,1,1,1.0,2.0,0,1.0,2,2.0,3.0,1125,3.0,1125.0,1,41,71,154,2.0,0,4.98,5.0,4.95,5.0,4.98,5.0,4.89,1,1.15,274
1,1,1.0,1,,1,1,1,1,181.0,1,0,2.0,2.0,0,1.0,2,2.0,1.0,30,2.1,843.1,1,43,73,249,34.0,2,4.92,4.88,4.92,4.92,5.0,4.96,4.8,1,2.26,48
1,1,0.99,0,1.0,1,1,0,0,75.0,1,0,5.0,5.0,0,2.5,1,1.0,1.0,365,1.0,198.7,1,45,72,150,17.0,2,4.9,4.77,4.9,4.87,4.87,4.93,4.9,5,1.45,287
1,1,1.0,1,1.0,1,1,0,1,132.0,1,0,1.0,1.0,0,1.0,1,1.0,2.0,14,2.0,1125.0,1,39,69,325,52.0,3,4.91,4.95,4.92,4.97,4.98,4.98,4.92,1,4.68,323
1,0,0.99,1,1.0,1,1,1,1,135.0,1,0,22.0,38.0,0,1.0,0,1.0,4.0,1125,5.4,1125.0,1,60,90,360,11.0,0,4.81,4.89,4.87,4.86,4.92,4.91,4.71,3,1.32,508
1,1,1.0,1,1.0,1,0,1,1,124.0,1,0,2.0,3.0,1,2.5,3,2.3,30.0,1125,30.0,1125.0,1,41,65,310,0.0,0,5.0,4.86,5.0,5.0,5.0,5.0,4.86,1,0.07,102
1,1,1.0,0,1.0,1,1,0,1,145.0,1,0,16.0,19.0,1,1.0,3,4.0,2.0,60,2.0,1125.0,1,43,61,303,25.0,2,4.92,4.93,4.93,4.95,4.97,4.93,4.86,2,4.52,43
0,0,0.95,0,0.0,1,1,1,1,150.0,1,1,1.0,1.0,1,1.0,2,4.0,27.0,27,27.0,27.0,1,59,89,364,0.0,0,4.9,4.9,4.9,4.9,4.9,4.9,4.8,1,2.1,97
1,1,1.0,1,1.0,1,1,1,1,153.0,1,1,2.0,3.0,0,1.0,1,2.0,1.0,14,1.0,14.0,1,44,74,341,67.0,5,4.86,4.89,4.89,4.96,4.91,4.96,4.79,1,4.22,177
0,1,1.0,0,1.0,1,1,0,1,125.0,1,0,1.0,1.0,0,1.0,2,2.0,3.0,730,3.0,730.0,0,6,36,259,22.0,1,4.81,4.88,4.96,4.94,4.9,4.82,4.85,1,2.28,250
0,1,1.0,0,1.0,1,1,1,1,425.0,1,0,1.0,1.0,1,3.5,5,2.3,3.0,10,3.0,10.0,0,8,8,8,1.0,0,5.0,5.0,5.0,5.0,5.0,5.0,5.0,1,0.08,40
1,1,1.0,1,,1,1,1,1,314.0,1,0,1.0,1.0,1,2.0,4,2.3,2.0,365,2.0,1125.0,1,36,60,233,27.0,0,4.94,4.95,4.98,4.99,4.98,4.88,4.88,1,1.65,313
1,1,0.98,1,1.0,1,1,0,1,257.0,1,1,3.0,3.0,1,2.0,3,2.3,2.0,1125,2.0,1125.0,0,36,66,316,15.0,0,4.87,4.91,4.93,4.8,4.95,4.79,4.74,1,1.03,57
0,0,0.95,0,1.0,1,1,0,0,89.0,1,0,1.0,1.0,0,1.0,1,1.0,30.0,180,30.0,180.0,1,60,90,365,1.0,0,4.89,4.93,4.93,4.99,4.98,4.92,4.93,1,1.96,290
0,1,0.5,0,1.0,1,1,0,1,188.0,1,0,1.0,3.0,0,1.0,1,2.0,3.0,60,3.0,60.0,0,19,49,49,5.0,1,4.89,4.96,4.97,4.86,4.89,4.92,4.75,1,0.78,262
1,0,0.99,1,,1,1,0,1,81.0,1,1,6.1,8.6,0,1.0,1,2.0,30.0,365,30.0,1125.0,1,56,86,361,3.0,0,4.9,4.9,4.9,4.9,5.0,4.9,4.9,11,0.12,324
0,1,0.98,1,1.0,1,1,0,1,235.0,1,0,1.0,1.0,1,2.0,2,3.0,3.0,365,3.0,365.0,1,48,78,185,27.0,1,4.97,4.94,4.96,4.98,4.96,4.99,4.86,1,0.96,233
1,1,1.0,1,1.0,1,1,0,1,87.0,1,1,5.0,5.0,0,1.0,1,2.0,2.0,1125,2.5,1125.0,1,48,78,346,15.0,0,4.87,4.87,4.87,4.91,4.89,4.81,4.69,5,1.03,415
0,1,1.0,1,1.0,1,1,0,0,65.0,1,1,1.0,1.0,0,1.0,1,1.0,30.0,180,30.0,1125.0,1,60,84,146,4.0,0,4.93,4.97,4.93,4.97,4.97,4.94,4.89,1,2.24,383
1,1,1.0,1,1.0,1,1,0,1,150.0,1,0,1.0,2.0,1,2.5,3,4.0,1.0,1125,1.0,1125.0,1,36,62,303,36.0,1,4.97,4.98,4.99,4.98,4.99,4.92,4.91,1,2.31,62
1,1,1.0,1,1.0,1,1,0,1,258.0,1,1,4.0,4.0,1,2.0,3,3.0,3.0,1125,2.5,1125.0,1,35,43,267,16.0,2,4.98,4.99,4.97,4.99,4.99,4.92,4.84,4,1.43,67
1,1,0.96,1,0.0,1,1,0,1,182.0,1,0,1.0,2.0,0,1.0,2,2.0,1.0,7,1.0,1125.0,1,44,74,164,48.0,0,4.95,4.91,4.98,4.97,4.96,4.89,4.81,1,3.21,96
1,1,1.0,1,1.0,1,1,1,1,220.0,1,1,5.0,5.0,1,2.5,3,4.0,2.0,1125,2.5,1125.0,0,0,0,181,10.0,0,4.92,4.96,4.94,4.94,4.98,4.8,4.84,5,0.54,453
1,1,0.92,1,1.0,1,0,0,1,85.0,1,0,2.0,2.0,0,1.0,1,1.0,30.0,1125,30.0,1125.0,0,39,69,344,1.0,0,5.0,5.0,5.0,5.0,5.0,5.0,4.71,2,0.11,251
1,0,0.99,1,,1,1,0,1,232.0,1,1,6.1,8.6,0,2.0,2,3.0,3.0,365,2.2,1125.0,1,39,39,95,4.0,0,4.9,4.97,4.94,5.0,4.94,5.0,4.9,11,0.35,344
1,1,1.0,1,1.0,1,1,0,1,149.0,1,0,1.0,1.0,0,1.0,1,1.0,3.0,14,3.0,1125.0,1,50,70,314,12.0,1,4.96,4.98,4.98,4.98,4.98,4.94,4.94,1,1.4,534
0,1,1.0,0,1.0,1,1,0,1,135.0,1,0,2.0,3.0,0,1.0,1,2.0,30.0,1125,30.0,1125.0,0,7,37,217,3.0,1,4.98,4.98,4.98,5.0,5.0,4.96,4.94,1,0.54,366
1,0,0.99,1,,1,1,0,1,99.0,1,1,6.1,8.6,0,2.0,3,4.0,30.0,365,30.0,1125.0,0,3,27,225,0.0,0,5.0,5.0,4.8,4.9,5.0,5.0,4.9,11,0.07,343
0,0,0.24,0,1.0,1,1,0,1,131.0,1,0,3.0,4.0,0,1.0,2,2.0,1.0,8,1.0,1125.0,0,43,73,73,15.6,5,4.89,4.93,4.89,4.98,4.95,4.88,4.77,3,1.8,421
1,1,1.0,0,1.0,1,1,0,1,145.0,1,0,16.0,19.0,1,1.0,3,4.0,2.0,30,2.0,1125.0,1,35,50,290,28.0,3,4.9,4.92,4.94,4.98,4.96,4.89,4.85,2,4.13,42
0,1,1.0,1,1.0,1,1,1,1,99.0,1,0,1.0,1.0,1,2.0,3,4.0,30.0,125,30.0,125.0,1,47,77,243,2.0,0,4.85,4.85,4.9,4.9,4.85,4.9,4.9,1,0.22,49
1,1,1.0,1,1.0,1,1,0,1,179.0,1,0,1.0,2.0,1,1.0,2,4.0,1.0,1125,1.0,1125.0,1,55,85,353,52.0,0,4.87,4.8,4.9,4.94,4.94,4.94,4.79,1,4.01,63
1,0,0.99,1,,1,1,0,1,65.0,1,1,6.1,8.6,0,1.0,1,2.0,30.0,365,30.0,1125.0,0,16,46,321,2.0,0,4.9,4.9,4.9,4.9,5.0,4.9,4.9,11,0.17,325
0,0,0.24,0,1.0,1,1,1,1,140.0,1,0,3.0,4.0,1,1.0,2,2.0,1.0,7,1.0,1125.0,1,35,65,65,15.6,5,4.76,4.87,4.8,4.96,4.91,4.9,4.68,3,1.8,395
1,1,0.99,0,1.0,1,1,0,0,55.0,1,1,5.0,5.0,0,1.0,1,1.0,1.0,1125,1.0,1125.0,1,53,80,316,29.0,0,4.79,4.82,4.76,4.85,4.9,4.93,4.78,5,1.23,350
1,1,0.98,1,1.0,1,1,0,0,70.0,1,0,1.0,1.0,0,1.0,1,1.0,1.0,21,1.0,1125.0,1,39,69,69,15.6,1,4.9,4.84,4.78,4.89,4.78,4.84,4.76,1,1.8,387
1,1,1.0,1,1.0,1,1,0,1,165.0,1,1,5.0,5.0,1,2.0,3,3.0,2.0,1125,2.4,1125.0,0,0,0,187,3.0,0,4.91,4.89,4.98,4.96,4.93,4.9,4.83,5,0.56,449
1,1,0.99,1,,1,0,0,1,81.0,1,1,1.0,2.0,0,1.0,1,2.0,2.0,730,2.0,730.0,0,27,43,128,15.6,1,4.87,4.91,4.93,4.96,4.88,4.96,4.81,1,1.8,535
0,0,0.95,0,1.0,1,1,0,1,101.0,1,0,1.0,1.0,0,1.0,1,3.0,1.0,1125,1.0,1125.0,0,40,63,146,46.0,4,4.98,4.98,4.98,4.97,4.96,4.97,4.88,1,3.92,19
1,1,1.0,1,,1,1,0,1,68.0,1,0,1.0,1.0,0,1.0,1,1.0,2.0,14,2.0,14.0,0,9,26,108,30.0,2,4.96,4.99,4.98,4.99,4.98,4.98,4.97,1,3.44,116
1,1,1.0,1,1.0,1,1,1,1,164.0,1,1,1.0,1.0,1,2.5,3,3.0,1.0,1125,1.0,1125.0,1,35,65,288,15.6,1,4.96,4.97,4.93,4.97,4.98,4.86,4.85,1,1.8,484
1,0,1.0,1,1.0,1,1,0,1,385.0,1,1,6.1,8.6,1,2.5,3,4.0,1.0,1125,2.3,425.7,1,35,51,228,8.0,1,4.84,4.89,4.95,4.95,5.0,5.0,4.84,3,0.35,475
1,0,1.0,1,1.0,1,1,1,1,675.0,1,1,6.1,8.6,0,3.0,4,2.3,1.0,1125,1.8,661.5,1,25,43,151,5.0,1,5.0,4.9,4.76,5.0,4.86,5.0,4.71,3,0.41,477
1,0,1.0,1,1.0,1,1,0,1,300.0,1,1,6.1,8.6,1,2.0,2,3.0,1.0,1125,2.7,169.5,1,38,68,321,7.0,0,4.82,4.9,4.9,4.82,4.91,4.95,4.9,3,0.33,464
1,0,1.0,1,1.0,1,1,0,1,425.0,1,1,6.1,8.6,1,2.5,3,4.0,1.0,1125,2.5,319.4,1,29,45,273,4.0,0,4.83,4.79,4.9,5.0,4.76,4.9,4.9,3,0.42,465
1,0,1.0,1,1.0,1,1,0,1,548.0,1,1,6.1,8.6,1,3.5,4,2.3,1.0,1125,2.8,156.8,1,38,59,322,7.0,0,4.88,5.0,4.88,4.88,4.76,4.96,4.8,3,0.41,452
1,0,1.0,1,1.0,1,1,0,1,198.4130841,1,1,6.1,8.6,1,2.1,2,2.6,1.0,1125,2.2,449.2,1,49,61,223,3.0,1,4.86,5.0,4.97,4.89,4.83,4.94,4.71,3,0.45,510
1,0,1.0,1,1.0,1,1,1,1,345.0,1,1,6.1,8.6,1,2.5,3,4.0,1.0,1125,2.9,85.2,1,49,74,344,6.0,1,4.88,4.94,4.94,4.78,4.84,4.96,4.8,3,0.85,454
1,1,1.0,1,1.0,1,1,0,1,169.0,1,1,2.0,2.0,0,1.0,2,2.0,2.0,1125,2.0,1125.0,1,50,75,279,58.0,2,4.94,4.93,4.96,4.98,5.0,5.0,4.88,1,4.81,365
1,0,0.99,1,1.0,1,1,1,1,277.0,1,0,22.0,38.0,1,2.0,3,4.0,3.0,1125,5.2,1125.0,1,53,83,308,3.0,0,4.95,5.0,4.9,5.0,5.0,5.0,4.75,3,0.27,497
1,1,1.0,1,,1,1,0,1,233.0,1,0,7.0,10.0,0,1.0,2,2.0,1.0,360,2.1,1125.0,1,37,48,315,40.0,1,4.99,4.96,4.97,4.98,4.98,5.0,4.85,7,2.89,138
1,1,0.99,1,1.0,1,0,0,0,69.0,1,0,2.0,3.0,0,1.0,1,2.0,1.0,9,1.0,9.0,0,12,12,12,15.6,4,4.98,4.99,4.97,4.99,4.99,4.98,4.91,2,1.8,170
0,0,0.24,0,1.0,1,1,0,1,127.0,1,0,3.0,4.0,1,1.0,2,2.0,1.0,7,1.0,1125.0,1,42,72,72,15.6,1,4.85,4.9,4.86,4.95,4.93,4.91,4.75,3,5.16,394
1,1,1.0,1,1.0,1,1,1,1,140.0,1,1,5.0,5.0,0,1.5,2,2.0,2.0,1125,2.6,1125.0,0,0,0,183,6.0,1,4.91,4.93,4.95,5.0,4.96,4.91,4.7,5,0.69,450
1,0,0.99,0,1.0,1,0,0,1,87.0,1,1,6.1,8.6,0,1.0,2,2.0,28.0,1125,28.0,1125.0,0,39,69,344,5.0,1,4.9,4.9,4.9,4.9,5.0,4.9,4.9,12,0.19,501
1,1,0.78,0,,1,1,0,1,270.0,1,0,1.0,3.0,1,1.6,4,3.0,3.0,1125,3.0,1125.0,0,23,53,281,2.0,0,5.0,5.0,5.0,4.97,5.0,5.0,4.89,1,0.49,451
1,0,0.99,1,1.0,1,1,1,1,167.0,1,0,22.0,38.0,1,1.0,2,3.0,3.0,1125,4.7,1125.0,1,50,80,303,3.0,0,5.0,4.92,4.95,4.95,4.92,5.0,4.89,3,0.47,492
1,0,0.99,1,1.0,1,1,1,1,386.0,1,0,22.0,38.0,1,2.5,2,4.0,4.0,1125,6.4,1125.0,0,0,0,138,1.0,0,4.76,4.76,4.76,4.82,4.76,4.9,4.9,3,0.22,509
1,1,1.0,1,1.0,1,1,1,1,95.0,1,0,1.0,1.0,0,1.0,1,1.0,1.0,30,1.0,1125.0,0,10,10,98,42.0,5,4.98,5.0,4.99,5.0,5.0,4.99,4.95,1,2.69,128
1,1,1.0,1,,1,1,0,1,205.0,1,0,1.0,1.0,1,2.0,3,2.3,3.0,140,3.0,1125.0,1,54,84,122,19.0,1,4.99,4.97,5.0,5.0,4.99,4.93,4.89,1,2.61,34
1,0,0.99,0,1.0,1,0,0,1,328.0,1,1,6.1,8.6,1,3.5,4,4.0,4.0,1125,4.0,1125.0,1,33,51,287,7.0,1,4.96,4.96,4.98,4.92,5.0,4.92,4.86,12,0.69,502
1,0,0.99,1,1.0,1,1,0,1,247.0,1,0,22.0,38.0,1,2.5,3,4.0,2.0,1125,4.9,1125.0,1,32,62,268,11.0,0,5.0,5.0,4.92,4.97,5.0,5.0,4.87,3,0.51,498
1,1,0.99,1,1.0,1,0,1,1,449.0,1,0,2.0,3.0,1,3.0,6,4.0,4.0,365,4.0,1125.0,0,16,16,16,0.0,0,5.0,4.9,5.0,5.0,5.0,5.0,4.9,2,0.13,179
1,1,1.0,1,1.0,1,1,0,1,169.0,1,1,2.0,2.0,0,1.0,2,2.0,3.0,180,3.0,1125.0,1,42,72,72,26.0,2,4.8,4.9,4.9,4.97,4.93,4.98,4.75,2,2.13,331
1,1,1.0,1,1.0,1,1,1,1,186.0,1,1,5.0,5.0,1,2.5,3,4.0,2.0,1125,2.6,1125.0,1,43,66,328,15.0,1,4.93,4.93,4.95,4.96,4.93,4.92,4.75,5,1.09,466
0,0,0.95,0,1.0,1,1,0,1,117.0,1,0,1.0,1.0,0,1.0,1,1.0,3.0,90,3.0,1107.2,0,31,61,124,24.0,1,4.95,4.93,4.93,4.91,4.96,4.86,4.88,1,1.62,445
1,1,1.0,1,1.0,1,1,0,1,83.0,1,1,4.0,11.0,0,1.0,1,1.0,28.0,180,28.0,180.0,1,59,89,364,5.0,0,4.83,4.79,4.85,4.89,5.0,4.85,4.9,2,0.7,208
1,1,1.0,0,,1,1,0,1,193.0,1,1,1.0,1.0,0,1.0,2,2.0,2.0,30,3.1,1125.0,1,54,84,359,4.0,1,4.93,4.92,4.98,4.96,4.97,4.94,4.83,1,1.58,149
1,1,1.0,1,0.0,1,0,1,1,123.0,1,0,1.0,1.0,0,1.0,0,3.0,31.0,1125,29.0,1125.0,1,59,89,269,3.0,0,5.0,4.9,4.9,5.0,5.0,4.9,4.8,1,0.28,76
1,1,1.0,0,0.0,1,1,1,1,350.0,1,1,1.0,4.0,1,2.0,4,2.3,30.0,1125,30.0,1125.0,1,60,90,365,2.0,0,4.9,5.0,4.9,5.0,5.0,5.0,4.75,1,0.16,201
0,0,0.95,0,1.0,1,1,0,0,119.0,1,0,2.0,7.0,0,1.0,1,1.0,31.0,60,31.0,1125.0,1,60,90,90,0.0,0,4.92,4.92,5.0,4.79,4.92,5.0,4.88,2,0.32,280
1,0,0.99,0,1.0,1,0,0,1,138.0,1,1,6.1,8.6,0,3.5,3,4.0,28.0,1125,28.0,1125.0,0,0,0,193,1.0,0,4.9,4.9,4.9,5.0,5.0,5.0,4.9,12,0.08,490
0,0,0.95,0,1.0,1,0,1,1,198.4130841,1,0,1.0,1.0,1,2.1,3,2.6,30.0,180,30.0,1125.0,1,55,81,188,0.0,0,4.9,4.9,4.9,4.9,4.9,4.9,4.8,1,2.1,204
1,1,0.33,0,1.0,1,1,0,1,198.4130841,1,0,1.0,1.0,0,2.1,2,2.6,30.0,60,30.0,60.0,0,0,0,5,1.0,0,5.0,5.0,5.0,5.0,5.0,5.0,5.0,1,0.18,158
1,1,0.92,1,1.0,1,1,0,0,166.0,1,0,7.0,7.0,0,1.0,1,1.0,1.0,21,1.0,1125.0,1,28,58,329,40.0,3,4.99,4.96,4.99,4.97,4.99,4.99,4.81,1,3.04,68
1,1,1.0,1,1.0,1,1,0,1,112.0,1,0,2.0,3.0,0,1.0,0,1.0,1.0,6,1.0,1125.0,1,39,63,145,15.6,4,4.91,4.93,4.97,4.97,4.96,4.85,4.79,2,1.8,146
0,0,0.95,0,1.0,1,0,0,1,198.4130841,1,1,1.0,1.0,1,2.1,3,2.6,30.0,1125,30.0,1125.0,0,0,0,0,1.0,0,4.98,4.98,4.98,5.0,5.0,4.88,4.9,1,0.84,312
0,0,0.0,0,1.0,1,0,0,1,180.0,1,0,1.0,1.0,0,1.5,1,1.0,4.0,1125,4.0,1125.0,1,43,73,333,0.0,0,5.0,5.0,5.0,5.0,5.0,5.0,5.0,1,0.06,139
1,1,1.0,1,,1,1,0,1,205.0,1,0,1.0,1.0,1,2.0,3,3.0,3.0,1125,2.7,1125.0,0,21,51,226,27.0,1,4.99,4.97,4.96,4.99,4.99,4.96,4.92,1,2.72,72
1,0,0.99,1,,1,1,0,1,174.0,1,1,6.1,8.6,0,2.0,2,2.0,2.0,365,2.2,1125.0,1,38,63,336,6.0,0,4.9,4.82,4.94,4.9,4.82,4.9,4.9,11,0.52,347
1,1,0.9,1,1.0,1,1,0,1,69.0,1,0,1.0,2.0,0,1.0,0,1.0,30.0,365,30.0,365.0,0,0,0,130,4.0,1,5.0,5.0,4.92,5.0,5.0,5.0,4.92,1,0.41,186
1,0,0.99,1,1.0,1,1,1,1,187.0,1,0,22.0,38.0,0,1.0,2,2.0,3.0,1125,5.1,1125.0,1,60,90,340,5.0,1,5.0,4.97,5.0,5.0,5.0,5.0,4.79,3,0.45,284
1,1,1.0,1,1.0,1,0,0,1,190.0,1,1,3.0,4.0,1,2.0,2,2.0,3.0,90,3.0,90.0,1,41,71,331,11.0,0,4.88,4.89,4.86,4.79,4.82,4.84,4.7,2,0.9,148
1,1,0.71,0,1.0,1,0,1,1,382.0,1,0,1.0,1.0,0,1.5,2,3.0,3.0,1125,3.0,1125.0,1,59,89,269,2.0,1,4.93,5.0,5.0,4.89,4.93,5.0,4.79,1,0.44,525
1,1,1.0,1,1.0,1,1,0,1,150.0,1,0,1.0,1.0,0,1.0,1,1.0,2.0,365,2.0,365.0,1,30,60,326,13.0,0,4.95,4.95,5.0,4.89,4.97,4.94,4.87,1,1.02,163
1,1,0.73,1,1.0,1,1,0,1,117.0,1,1,4.0,4.0,1,2.0,2,4.0,1.0,30,1.3,1125.0,1,54,84,355,49.0,2,4.84,4.88,4.83,4.92,4.94,4.93,4.67,1,3.2,355
0,0,0.95,0,1.0,1,1,1,1,200.0,1,1,1.0,1.0,1,2.5,3,3.0,3.0,120,3.0,1125.0,0,16,46,213,25.0,1,4.98,4.99,4.98,5.0,5.0,4.96,4.89,1,2.17,422
1,1,0.99,1,1.0,1,1,0,1,99.0,1,0,1.0,1.0,0,1.0,1,2.0,2.0,1125,2.0,1125.0,0,8,22,153,62.0,0,4.96,4.97,4.96,4.99,4.99,4.96,4.94,1,1.8,420
1,1,1.0,0,1.0,1,1,0,1,108.0,1,1,2.0,2.0,0,1.0,1,2.0,1.0,30,1.0,1125.0,1,46,76,349,66.0,3,4.76,4.84,4.82,4.93,4.89,4.9,4.69,2,1.8,297
1,0,0.99,1,1.0,1,1,1,1,296.0,1,0,22.0,38.0,1,2.0,3,2.3,3.0,1125,5.0,1125.0,1,53,83,346,5.0,1,5.0,5.0,5.0,5.0,5.0,5.0,4.79,3,0.46,499
1,1,1.0,0,1.0,1,1,0,0,88.0,1,0,1.0,1.0,0,1.0,1,1.0,3.0,125,3.0,125.0,0,0,13,235,3.0,1,5.0,5.0,5.0,5.0,5.0,5.0,5.0,1,1.18,310
1,1,0.99,1,1.0,1,0,0,0,60.0,1,0,1.0,1.0,0,1.0,1,1.0,1.0,10,1.0,10.0,1,31,61,61,55.0,5,4.94,4.96,4.97,4.94,4.96,4.89,4.88,1,3.5,71
1,1,1.0,0,1.0,1,1,0,1,87.0,1,1,2.0,2.0,0,1.0,1,2.0,1.0,30,1.0,30.0,1,50,80,341,58.0,2,4.9,4.9,4.9,4.91,4.89,4.9,4.9,2,1.8,298
0,0,1.0,0,1.0,1,1,1,1,198.4130841,1,1,3.0,23.0,0,2.1,2,2.6,30.0,45,30.0,45.0,1,26,26,26,0.0,0,4.9,4.76,4.79,4.9,5.0,4.83,4.9,3,0.68,470
1,1,1.0,1,1.0,1,1,0,1,97.0,1,1,3.0,3.0,0,1.0,0,2.0,2.0,1125,2.0,1125.0,1,40,70,160,60.0,5,4.97,4.99,4.99,4.99,4.97,4.94,4.91,1,4.47,444
0,1,1.0,0,1.0,1,0,0,1,125.0,1,1,1.0,1.0,1,2.0,2,4.0,30.0,45,30.0,1125.0,1,26,56,275,5.0,0,4.95,4.93,4.97,4.95,4.93,4.95,4.91,1,2.44,220
1,0,0.99,1,1.0,1,1,1,1,147.0,1,0,22.0,38.0,1,2.0,2,2.0,3.0,1125,5.0,1125.0,0,39,64,325,3.0,0,4.91,4.9,4.86,5.0,5.0,5.0,4.82,3,0.45,370
1,1,1.0,0,1.0,1,1,1,1,264.0,1,0,6.0,9.0,0,1.0,1,1.0,2.0,1125,1.1,1125.0,1,45,75,346,15.0,0,5.0,4.99,4.99,4.97,5.0,4.91,4.93,2,1.29,318
1,0,0.99,1,1.0,1,1,1,1,376.0,1,0,22.0,38.0,1,2.0,4,2.3,3.0,1125,5.1,1125.0,1,45,67,314,3.0,0,4.94,5.0,4.94,5.0,5.0,5.0,4.88,3,0.3,391
1,0,0.99,1,1.0,1,1,1,1,197.0,1,0,22.0,38.0,0,2.0,2,3.0,3.0,1125,5.3,1125.0,1,55,85,355,4.0,0,4.93,5.0,5.0,5.0,5.0,4.93,4.9,3,0.25,496
0,0,0.95,0,1.0,1,1,1,1,206.0,1,0,1.0,1.0,1,2.0,3,3.0,1.0,29,1.2,1125.0,0,30,60,60,31.0,3,4.91,4.95,4.86,4.97,5.0,4.96,4.8,1,2.58,214
0,0,1.0,1,1.0,1,1,1,1,189.0,1,0,1.0,1.0,0,1.0,1,2.0,3.0,1125,3.0,1125.0,1,57,87,237,12.0,0,5.0,4.98,5.0,4.98,5.0,4.98,4.92,1,1.14,16
1,1,1.0,1,1.0,1,1,0,1,90.0,1,0,9.0,13.0,1,1.0,3,4.0,30.0,1125,17.4,1125.0,0,0,0,162,45.0,0,4.9,4.76,4.9,4.9,4.89,4.87,4.65,5,3.53,182
0,1,0.5,0,1.0,1,1,0,1,229.0,1,0,1.0,1.0,0,2.5,2,2.0,2.0,1125,2.0,1125.0,1,40,40,108,7.0,1,4.93,4.88,4.98,4.93,4.95,4.86,4.83,1,0.99,58
1,1,1.0,1,1.0,1,1,1,1,166.0,1,1,7.0,9.0,1,1.5,3,4.0,2.0,1125,2.0,1125.0,1,29,59,330,29.0,0,4.82,4.85,4.95,4.94,4.9,4.88,4.71,1,3.87,292
1,1,0.99,1,1.0,1,1,1,1,198.0,1,0,2.0,2.0,1,1.0,3,3.0,3.0,100,3.0,1125.0,1,42,55,55,15.0,1,4.94,4.97,4.9,4.97,4.93,4.94,4.88,1,2.44,198
1,1,0.75,1,1.0,1,1,0,1,332.0,1,0,1.0,1.0,1,3.0,3,3.0,30.0,60,30.0,60.0,1,27,57,332,2.0,0,4.98,5.0,4.98,5.0,4.97,4.91,4.91,1,1.21,411
1,1,0.99,1,1.0,1,1,0,1,139.0,1,0,2.0,2.0,0,1.0,2,3.0,1.0,1125,1.0,1125.0,1,49,76,164,15.6,2,4.97,4.97,4.97,4.96,4.98,4.98,4.91,1,1.8,418
1,1,0.98,1,,1,1,0,1,189.0,1,0,17.0,19.0,0,1.0,1,2.0,2.0,1125,1.7,1125.0,0,31,48,323,27.0,4,4.97,4.97,4.96,4.99,4.97,4.97,4.85,10,4.94,32
1,0,0.99,0,1.0,1,0,0,1,194.0,1,1,6.1,8.6,0,2.0,2,2.0,2.0,1125,2.3,1125.0,0,31,58,326,2.0,1,4.92,4.93,4.92,4.97,5.0,4.97,4.82,12,1.16,461
0,0,1.0,0,,1,1,0,1,198.4130841,1,0,1.0,1.0,0,2.1,2,2.6,9.4,700,10.2,1125.0,1,60,90,90,23.0,0,4.98,4.96,4.96,5.0,4.99,4.99,4.89,1,2.87,522
1,0,0.98,1,,1,1,1,1,199.0,1,1,3.0,6.0,0,1.0,1,1.0,30.0,365,30.0,365.0,0,19,19,256,7.0,0,4.97,4.98,4.98,4.97,5.0,4.94,4.92,3,1.99,216
1,1,1.0,1,1.0,1,1,0,1,117.0,1,1,2.0,2.0,0,1.0,2,3.0,1.0,14,1.0,1125.0,1,35,65,325,15.6,1,4.79,4.81,4.93,4.97,4.89,4.95,4.68,2,1.8,227
0,0,1.0,1,1.0,1,1,0,1,198.4130841,1,0,1.0,1.0,0,2.1,2,2.6,3.0,1125,3.0,1125.0,0,0,0,0,4.0,0,4.94,4.94,4.92,4.94,4.97,4.91,4.87,1,2.11,111
1,1,1.0,1,1.0,1,0,0,1,128.0,1,0,2.0,2.0,0,1.0,1,1.0,2.0,1125,2.0,1125.0,0,27,57,147,50.0,5,4.92,4.94,4.95,4.97,4.98,4.92,4.85,1,4.47,523
1,0,0.99,1,1.0,1,1,1,1,741.0,1,0,22.0,38.0,0,1.6,6,2.3,3.0,1125,5.0,1125.0,1,25,53,236,4.0,1,5.0,5.0,5.0,5.0,5.0,5.0,4.88,3,0.35,500
1,0,0.99,1,1.0,1,1,0,1,375.0,1,0,22.0,38.0,0,2.0,2,2.0,4.0,1125,5.6,1125.0,1,53,83,351,1.0,0,4.9,4.9,4.82,4.9,5.0,4.9,4.9,3,0.23,497
1,0,0.99,1,1.0,1,1,1,1,346.0,1,0,22.0,38.0,1,2.0,2,3.0,4.0,1125,5.3,1125.0,1,39,69,209,2.0,0,5.0,4.9,4.9,4.9,4.8,4.9,4.9,3,0.2,491
1,1,1.0,1,1.0,1,1,0,1,125.0,1,0,1.0,1.0,0,1.0,1,1.0,2.0,1125,1.4,1125.0,0,3,33,123,46.0,4,4.95,4.96,4.99,4.95,4.97,4.96,4.85,1,4.34,528
1,1,1.0,1,,1,1,0,1,197.0,1,0,7.0,10.0,0,1.0,1,1.0,1.0,30,1.9,1125.0,1,19,19,19,24.0,1,4.96,4.98,4.97,4.96,4.97,4.97,4.83,7,2.07,6
1,1,1.0,1,,1,1,0,1,190.0,1,0,7.0,10.0,0,1.0,2,2.0,1.0,360,1.9,1125.0,1,18,18,18,9.0,1,4.86,4.95,4.96,4.98,5.0,4.99,4.65,7,1.55,137
1,1,1.0,0,1.0,1,1,1,1,999.0,1,0,6.0,9.0,0,2.5,4,2.3,30.0,1125,30.0,1125.0,1,59,89,106,4.0,0,4.96,4.96,4.96,4.87,4.96,4.96,4.87,2,0.55,303
1,1,1.0,0,,1,0,0,1,285.0,1,0,1.0,2.0,0,1.0,1,2.3,2.0,90,2.0,90.0,1,33,33,269,25.0,1,4.98,4.97,4.94,4.98,5.0,5.0,4.89,1,1.27,401
0,0,0.95,0,1.0,1,1,0,1,145.0,1,1,1.0,2.0,0,1.0,1,1.0,1.0,1125,1.0,1125.0,0,27,57,147,15.6,1,4.99,4.99,4.99,5.0,4.99,4.9,4.87,1,1.8,403
1,1,1.0,1,1.0,1,1,1,1,97.0,1,0,9.0,13.0,1,1.0,3,3.0,2.0,1125,23.7,1125.0,1,39,46,46,45.0,2,4.9,4.76,4.9,4.98,4.94,4.89,4.72,5,1.96,439
1,1,0.99,1,1.0,1,1,0,1,178.0,1,0,1.0,1.0,0,1.0,1,2.0,2.0,28,2.0,1125.0,1,38,68,118,58.0,2,4.99,5.0,5.0,4.95,5.0,4.97,4.94,1,5.12,28
1,1,1.0,1,0.0,1,0,0,1,129.0,1,1,1.0,1.0,0,1.0,1,2.0,2.0,1125,2.0,1125.0,0,33,61,261,61.0,1,4.94,4.96,4.88,4.86,4.94,4.95,4.88,1,4.61,471
1,1,1.0,1,1.0,1,1,0,1,126.0,1,0,1.0,1.0,0,1.0,1,1.0,2.0,15,2.0,1125.0,1,47,74,338,50.0,5,4.99,4.98,5.0,4.96,4.99,4.97,4.94,1,3.99,386
0,0,0.0,0,,1,1,1,1,198.4130841,1,0,1.0,1.0,1,2.1,4,2.6,30.0,90,30.0,90.0,1,53,83,173,0.0,0,4.9,4.9,4.9,4.9,4.9,4.9,4.8,1,2.1,437
0,0,1.0,0,1.0,1,1,1,1,198.4130841,1,1,3.0,23.0,1,2.1,3,2.6,30.0,65,30.0,65.0,0,0,0,0,1.0,0,4.9,4.9,4.84,4.78,5.0,4.84,4.9,3,0.77,467
1,1,1.0,1,,1,1,1,1,283.0,1,0,7.0,10.0,1,2.0,3,3.0,1.0,360,2.2,1125.0,1,31,53,236,28.0,2,4.98,4.97,4.97,4.95,4.98,4.99,4.77,7,2.31,7
1,1,1.0,1,1.0,1,1,0,1,100.0,1,0,3.0,4.0,0,1.0,1,2.0,30.0,180,30.0,1125.0,1,60,90,270,1.0,0,4.93,4.93,4.96,5.0,4.96,4.96,4.93,3,0.57,123
1,1,0.91,1,1.0,1,1,0,1,80.0,1,0,2.0,2.0,1,1.0,1,3.0,1.0,150,1.0,150.0,1,32,45,228,12.0,1,4.91,4.84,5.0,4.91,4.98,4.93,4.93,1,1.23,327
1,0,0.99,1,,1,1,0,1,165.0,1,1,6.1,8.6,0,1.0,1,2.0,1.0,365,2.2,1125.0,1,49,79,354,2.0,0,4.84,4.93,4.92,4.95,4.9,4.9,4.64,11,1.33,348
1,1,0.95,1,1.0,1,1,0,1,155.0,1,0,1.0,1.0,0,1.0,2,3.0,30.0,365,30.0,365.0,0,0,0,131,18.0,1,4.96,4.98,4.87,4.98,4.98,5.0,4.91,1,1.5,259
1,1,1.0,1,1.0,1,0,0,1,155.0,1,1,3.0,3.0,1,1.0,3,4.0,2.0,1125,1.3,1125.0,1,56,59,97,33.0,4,4.9,4.94,4.96,4.96,4.94,4.95,4.8,3,3.1,136
1,1,1.0,1,1.0,1,1,0,1,80.0,1,0,9.0,13.0,0,1.0,0,1.0,2.0,1125,2.0,1125.0,1,45,45,45,15.6,5,4.81,4.82,4.9,4.93,4.94,4.81,4.71,5,1.8,183
1,0,1.0,1,1.0,1,1,0,1,165.0,1,1,6.1,8.6,0,1.0,1,1.0,1.0,1125,1.1,1040.7,1,24,24,24,13.0,1,4.9,4.92,4.86,4.9,5.0,4.9,4.76,3,1.09,408
1,1,0.98,1,1.0,1,1,0,1,141.0,1,0,2.0,2.0,0,1.0,1,2.0,2.0,1125,2.0,1125.0,1,45,75,309,39.0,2,4.97,4.98,4.99,4.89,4.99,4.97,4.87,1,3.83,399
1,1,1.0,1,1.0,1,0,0,1,95.0,1,1,3.0,3.0,0,1.0,1,2.0,2.0,1125,1.3,1125.0,1,57,87,362,29.0,0,4.86,4.88,4.91,4.92,4.96,4.92,4.74,3,3.24,520
1,1,1.0,1,1.0,1,1,0,1,155.0,1,1,3.0,4.0,0,2.5,2,2.0,45.0,365,43.9,365.0,1,40,70,101,0.0,0,5.0,4.9,5.0,5.0,5.0,5.0,5.0,1,0.14,190
1,0,1.0,1,1.0,1,1,0,1,275.0,1,1,6.1,8.6,0,2.0,2,2.0,1.0,1125,1.2,1004.4,1,27,27,39,19.0,0,4.9,4.82,4.78,4.9,5.0,4.9,4.64,3,1.11,462
1,1,1.0,1,1.0,1,1,0,1,151.0,1,0,4.0,4.0,0,1.0,1,2.0,2.0,1125,2.0,1125.0,1,40,70,324,25.0,2,4.99,4.98,5.0,4.99,4.99,4.99,4.82,4,2.46,171
1,1,1.0,1,1.0,1,1,0,1,145.0,1,1,3.0,3.0,0,1.0,1,1.0,1.0,28,1.4,1125.0,1,55,85,199,60.0,3,4.94,4.97,4.97,4.9,4.97,4.97,4.76,2,4.31,311
1,1,1.0,1,1.0,1,1,0,1,128.0,1,1,3.0,3.0,0,1.0,1,1.0,1.0,28,1.3,1125.0,1,46,76,159,57.0,2,4.9,4.96,4.91,4.91,4.97,4.97,4.79,2,4.72,531
1,1,1.0,1,1.0,1,1,0,1,131.0,1,0,1.0,3.0,0,1.0,0,1.0,2.0,14,2.0,14.0,0,25,46,216,15.6,1,4.98,4.98,4.96,4.96,4.97,4.92,4.88,1,1.8,438
1,1,1.0,1,1.0,1,1,0,1,97.0,1,1,2.0,2.0,0,1.0,1,1.0,29.0,120,29.0,1125.0,1,51,52,52,2.0,0,5.0,5.0,5.0,5.0,4.96,5.0,4.91,1,0.52,440
1,1,0.99,0,1.0,1,1,0,1,141.0,1,1,10.0,12.0,0,2.0,2,2.0,2.0,365,2.3,1125.0,1,38,62,289,18.0,4,4.97,4.93,4.95,4.98,4.96,4.95,4.82,2,3.18,231
1,1,0.5,0,1.0,1,1,0,1,164.0,1,0,1.0,1.0,1,2.5,3,4.0,30.0,60,30.0,60.0,1,60,84,359,7.0,0,5.0,5.0,4.94,5.0,5.0,4.97,4.97,1,0.81,226
1,1,1.0,1,1.0,1,0,1,1,225.0,1,1,2.0,2.0,0,2.0,4,2.3,3.0,35,3.0,1125.0,1,30,60,314,33.0,4,4.86,4.92,4.81,4.88,4.88,4.92,4.79,1,2.02,21
1,1,1.0,1,1.0,1,1,0,1,120.0,1,0,1.0,1.0,0,1.0,1,1.0,2.0,1125,2.0,1125.0,1,48,68,149,41.0,5,4.93,4.99,5.0,4.95,4.99,4.9,4.9,1,2.57,56
1,1,1.0,1,1.0,1,0,1,1,300.0,1,0,1.0,1.0,0,2.0,2,2.0,2.0,30,2.0,1125.0,1,45,75,318,8.0,1,4.97,4.92,4.81,4.92,4.92,4.89,4.69,1,0.89,526
0,0,0.8,1,1.0,1,1,1,1,85.0,1,0,2.0,3.0,0,1.0,2,2.0,30.0,95,30.0,95.0,0,22,51,274,2.0,0,4.92,5.0,4.77,5.0,5.0,5.0,5.0,1,0.31,426
1,1,1.0,1,1.0,1,1,0,1,108.0,1,0,1.0,1.0,0,1.0,1,1.0,1.0,1125,2.0,1125.0,1,46,73,163,15.6,1,4.97,4.98,4.99,4.95,4.99,4.97,4.91,1,1.8,222
1,0,0.99,1,1.0,1,1,0,1,396.0,1,0,22.0,38.0,1,3.0,3,3.0,4.0,1125,5.3,1125.0,1,56,86,101,4.0,0,5.0,5.0,5.0,5.0,5.0,5.0,5.0,3,0.25,494
0,1,1.0,0,1.0,1,0,0,1,225.0,1,0,1.0,1.0,1,2.0,3,4.0,28.0,90,28.0,90.0,1,53,83,173,0.0,0,4.9,4.9,4.9,4.86,5.0,5.0,4.9,1,0.17,412
1,1,1.0,1,1.0,1,1,1,1,283.0,1,1,1.0,2.0,0,1.0,1,1.0,1.0,1125,1.0,1125.0,0,0,26,301,20.0,1,5.0,4.99,5.0,4.99,5.0,4.94,4.96,1,2.95,299
1,0,0.99,0,1.0,1,0,0,1,121.0,1,1,6.1,8.6,0,1.0,1,2.0,3.0,1125,3.0,1125.0,0,33,58,310,19.0,3,4.93,4.94,4.99,4.86,4.9,4.94,4.76,12,1.7,505
0,0,0.95,0,1.0,1,1,0,1,232.0,1,0,1.0,1.0,0,1.0,1,2.0,3.0,30,3.0,30.0,0,29,59,149,9.0,1,4.91,5.0,4.9,4.84,4.99,5.0,4.87,1,1.66,229
1,0,1.0,1,1.0,1,1,1,1,220.0,1,1,6.1,8.6,0,1.0,1,1.0,1.0,1125,3.0,62.2,1,55,85,360,12.0,1,4.97,4.94,4.89,4.78,4.92,4.92,4.75,3,1.08,463
1,0,1.0,1,1.0,1,1,1,1,385.0,1,1,6.1,8.6,1,2.0,3,3.0,1.0,1125,2.9,100.0,1,46,76,336,8.0,1,4.93,4.87,4.97,4.93,4.8,4.9,4.7,3,0.73,476
1,1,1.0,1,0.0,1,0,0,1,235.0,1,1,1.0,1.0,1,2.5,3,3.0,2.0,90,2.0,1125.0,1,37,67,157,26.0,2,4.98,4.99,4.97,4.99,4.96,4.93,4.91,1,2.98,533
1,0,0.98,1,1.0,1,0,0,1,214.0,1,0,1.0,1.0,1,2.5,3,2.0,1.0,1125,1.0,1125.0,0,0,0,18,52.0,0,4.81,4.87,4.83,4.91,4.91,4.81,4.81,1,4.29,112
1,1,1.0,1,1.0,1,1,0,1,117.0,1,1,4.0,4.0,0,1.0,1,2.0,1.0,1125,1.0,1125.0,1,35,56,281,54.0,1,4.97,4.96,4.94,4.92,4.99,4.96,4.89,3,4.81,405
1,0,1.0,1,1.0,1,1,0,1,800.0,1,1,6.1,8.6,1,3.5,3,3.0,1.0,1125,2.8,177.5,1,40,62,323,14.0,0,4.98,4.98,4.98,4.98,4.85,5.0,4.8,3,1.2,459
1,1,1.0,1,1.0,1,1,1,1,221.0,1,1,4.0,4.0,0,2.0,2,2.0,3.0,1125,2.9,1125.0,1,46,48,79,7.0,0,4.97,5.0,5.0,4.88,4.97,5.0,4.91,4,0.83,129
1,1,1.0,1,1.0,1,1,0,1,174.0,1,0,2.0,2.0,0,1.0,2,4.0,2.0,30,2.0,30.0,1,44,71,230,48.0,4,4.97,4.95,4.99,4.9,4.97,4.89,4.88,2,3.95,51
1,1,1.0,1,1.0,1,1,0,1,120.0,1,0,2.0,2.0,0,1.0,1,3.0,28.0,365,28.0,1125.0,0,2,32,307,7.0,0,5.0,5.0,5.0,5.0,5.0,5.0,4.94,1,0.85,156
1,0,1.0,1,1.0,1,1,1,1,250.0,1,1,6.1,8.6,1,2.0,3,3.0,1.0,1125,1.0,1125.0,0,1,1,1,4.0,1,4.77,4.82,4.82,4.9,5.0,4.77,4.9,3,0.59,457
1,0,0.99,1,1.0,1,1,1,1,316.0,1,0,22.0,38.0,1,2.0,3,3.0,3.0,1125,5.0,1125.0,1,26,26,206,4.0,1,5.0,5.0,5.0,5.0,5.0,5.0,5.0,3,0.48,489
1,1,1.0,1,1.0,1,1,0,1,198.4130841,1,1,2.0,2.0,0,2.1,1,2.6,1.0,14,1.0,14.0,0,0,0,0,6.0,0,4.9,4.9,4.88,4.95,4.8,4.96,4.9,2,1.36,221
1,1,1.0,1,1.0,1,1,0,1,139.0,1,1,1.0,1.0,0,1.0,1,2.0,2.0,60,3.0,1125.0,0,10,10,10,17.0,3,4.97,4.99,4.97,4.97,4.97,4.99,4.82,1,2.3,172
0,1,0.6,0,1.0,1,1,1,1,165.0,1,0,1.0,3.0,0,2.0,3,3.0,27.0,730,27.0,730.0,1,58,84,206,1.0,0,5.0,5.0,5.0,5.0,5.0,5.0,4.9,1,0.14,45
0,0,0.95,0,0.0,1,1,0,1,163.0,1,0,2.0,2.0,0,1.0,1,2.0,2.0,31,2.0,1125.0,1,52,82,255,27.0,2,5.0,4.99,5.0,4.98,5.0,5.0,4.92,2,2.49,487
1,1,0.95,1,1.0,1,1,0,1,325.0,1,0,4.0,5.0,1,2.5,3,4.0,2.0,730,2.0,730.0,0,27,45,45,6.0,0,5.0,5.0,4.96,5.0,4.99,4.85,4.93,1,1.67,4
1,1,1.0,1,1.0,1,1,1,1,140.0,1,0,2.0,2.0,0,1.0,1,2.0,1.0,1125,1.6,1125.0,1,56,83,355,15.6,5,4.97,4.99,5.0,4.99,4.99,4.99,4.87,2,1.8,44
1,1,0.99,1,1.0,1,1,0,1,99.0,1,1,1.0,1.0,0,1.0,1,1.0,3.0,20,3.0,1125.0,0,21,51,104,58.0,4,4.95,4.95,4.95,4.96,4.98,4.93,4.84,1,1.8,541
1,0,0.99,1,1.0,1,1,1,1,296.0,1,0,22.0,38.0,1,3.0,4,4.0,3.0,1125,5.3,1125.0,1,32,54,244,5.0,0,5.0,5.0,5.0,5.0,5.0,4.95,4.95,3,0.47,495
1,1,1.0,1,1.0,1,1,0,1,135.0,1,0,1.0,1.0,0,1.0,1,2.0,28.0,1125,22.7,1125.0,0,18,18,262,29.0,0,4.99,5.0,4.99,4.94,5.0,4.98,4.93,1,2.51,225
1,1,1.0,1,1.0,1,0,0,1,169.0,1,1,1.0,1.0,0,1.0,1,2.3,2.0,28,2.0,1125.0,1,53,83,83,12.0,1,4.97,4.98,4.97,4.95,4.97,4.9,4.87,1,1.52,130
1,1,1.0,1,1.0,1,1,0,1,99.0,1,0,1.0,1.0,0,2.5,2,2.0,1.0,30,10.1,1125.0,0,20,50,216,15.0,1,4.96,4.98,4.98,4.98,4.99,4.82,4.89,1,2.22,435
1,1,1.0,0,1.0,1,0,0,1,99.0,1,1,2.0,2.0,0,1.0,1,1.0,30.0,60,30.0,60.0,0,2,2,144,4.0,0,4.92,4.96,4.96,4.99,4.95,4.9,4.88,1,2.18,161
1,1,0.92,0,1.0,1,1,0,1,112.0,1,0,1.0,2.0,0,1.0,1,2.0,2.0,21,2.0,21.0,1,44,69,322,30.0,2,4.9,4.9,4.9,4.92,4.93,4.91,4.62,1,2.58,193
1,1,0.87,0,1.0,1,1,0,1,88.0,1,0,3.0,3.0,0,1.0,1,1.0,5.0,99,5.0,99.0,1,18,18,18,7.0,1,4.89,5.0,5.0,4.89,5.0,4.95,5.0,1,0.49,384
1,1,1.0,1,1.0,1,1,1,1,249.0,1,0,1.0,1.0,1,2.5,3,2.3,3.0,60,3.0,1125.0,0,11,40,77,22.0,2,4.99,5.0,5.0,5.0,5.0,4.99,4.96,1,2.24,29
1,1,1.0,0,1.0,1,0,0,1,130.0,1,0,1.0,2.0,0,1.0,1,1.0,2.0,365,2.0,365.0,0,0,0,93,20.0,2,4.97,4.97,4.97,5.0,4.98,4.85,4.86,1,1.68,39
1,1,1.0,1,0.0,1,0,0,1,202.0,1,0,1.0,2.0,1,1.0,2,4.0,1.0,14,1.0,1125.0,0,0,0,74,30.0,0,4.94,4.96,4.96,4.98,4.93,4.83,4.79,1,2.73,135
1,0,1.0,1,1.0,1,1,0,1,167.0,1,1,6.1,8.6,0,2.0,2,3.0,1.0,1125,19.2,447.5,1,21,31,244,0.0,0,4.9,4.9,4.9,4.9,4.9,4.9,4.8,3,2.1,543
1,0,1.0,1,1.0,1,1,1,1,167.0,1,1,6.1,8.6,1,2.5,3,4.0,1.0,1125,25.1,226.8,1,59,89,333,0.0,0,4.9,4.9,4.9,4.9,4.9,4.9,4.8,3,2.1,371
1,0,1.0,1,1.0,1,1,0,1,97.0,1,1,6.1,8.6,0,1.5,1,1.0,1.0,1125,19.4,439.8,0,45,52,289,0.0,0,4.9,4.9,4.9,4.9,4.9,4.9,4.8,3,2.1,507
1,0,1.0,1,1.0,1,1,0,1,150.0,1,1,6.1,8.6,1,3.0,3,4.0,27.0,1125,29.1,375.6,1,34,64,308,1.0,0,5.0,5.0,5.0,5.0,5.0,5.0,5.0,3,0.75,372
1,0,1.0,1,1.0,1,1,0,1,150.0,1,1,6.1,8.6,0,2.5,2,2.0,27.0,1125,28.1,727.8,0,0,0,158,1.0,0,5.0,5.0,5.0,5.0,5.0,5.0,4.9,3,0.13,393
1,0,1.0,1,1.0,1,1,0,1,127.0,1,1,6.1,8.6,0,2.0,2,3.0,1.0,1125,1.3,1115.1,0,0,0,6,0.0,0,4.9,4.9,4.9,4.9,4.9,4.9,4.8,3,2.1,187
1,1,1.0,1,,1,1,0,1,249.0,1,1,14.0,22.0,0,1.0,2,2.0,2.0,45,5.8,1125.0,0,0,0,165,35.0,1,4.94,4.95,4.93,4.97,4.97,4.99,4.88,1,3.09,517
1,1,1.0,1,1.0,1,1,1,1,172.0,1,0,4.0,4.0,0,1.0,1,1.0,2.0,1125,2.1,1125.0,1,43,67,322,21.0,2,4.95,4.95,5.0,4.97,5.0,4.93,4.88,4,1.54,131
1,1,1.0,1,1.0,1,1,0,1,69.0,1,0,9.0,13.0,0,1.0,1,2.3,27.0,365,27.0,1125.0,1,60,90,112,1.0,0,4.82,4.88,4.94,4.91,4.93,4.8,4.71,5,4.67,396
0,1,0.0,0,,1,1,0,1,245.0,1,0,1.0,2.0,1,2.5,3,3.0,30.0,90,30.0,90.0,0,0,0,231,2.0,0,4.92,4.95,4.97,5.0,5.0,4.86,4.92,1,0.98,125
1,1,0.92,1,1.0,1,1,0,1,120.0,1,0,1.0,1.0,0,1.0,1,1.0,2.0,7,2.0,1125.0,1,29,50,131,30.0,4,4.97,4.97,4.99,4.92,4.97,4.95,4.88,1,3.83,140
0,0,1.0,0,1.0,1,1,0,1,352.0,1,1,3.0,23.0,1,1.0,2,3.0,30.0,65,30.0,182.4,1,59,89,325,0.0,0,4.94,5.0,5.0,5.0,4.78,4.94,4.94,3,0.47,246
1,1,1.0,1,1.0,1,1,0,1,127.0,1,1,3.0,4.0,0,1.0,2,2.0,3.0,180,4.6,1125.0,1,47,77,167,37.0,0,4.92,4.94,4.96,4.96,4.96,4.96,4.86,3,3.89,423
0,1,1.0,0,1.0,1,1,1,1,185.0,1,0,1.0,1.0,1,3.0,4,2.3,30.0,120,30.0,120.0,0,31,31,254,1.0,0,5.0,5.0,5.0,5.0,5.0,5.0,4.67,1,0.09,141
1,1,1.0,1,1.0,1,0,0,1,175.0,1,1,3.0,4.0,0,1.0,1,2.0,3.0,365,3.0,365.0,0,0,0,0,19.0,2,4.93,4.95,4.91,4.89,4.95,4.93,4.81,2,1.56,197
1,1,0.77,1,1.0,1,1,1,1,325.0,1,1,1.0,1.0,1,2.5,4,4.0,2.0,180,2.0,1125.0,0,17,17,125,8.0,2,4.97,4.95,4.92,4.97,4.97,5.0,4.92,1,1.01,5
0,0,1.0,1,1.0,1,1,0,1,198.4130841,1,1,1.0,2.0,1,2.1,3,2.6,1.0,3,1.0,1125.0,0,0,0,0,8.0,0,4.9,4.88,4.9,4.88,4.9,4.86,4.75,1,1.38,532
1,1,1.0,1,1.0,1,1,0,1,110.0,1,0,1.0,1.0,0,1.0,2,2.0,1.0,28,1.1,28.0,1,33,33,33,52.0,1,4.97,4.98,5.0,4.98,4.99,4.95,4.92,1,1.8,127
1,1,1.0,1,1.0,1,1,0,1,71.0,1,1,1.0,2.0,0,1.0,1,2.0,2.0,1125,2.0,1125.0,1,31,31,293,38.0,2,4.84,4.9,4.91,4.91,4.86,5.0,4.72,1,2.1,295
1,1,1.0,1,1.0,1,1,0,1,187.0,1,0,3.0,5.0,0,1.0,1,1.0,30.0,365,30.0,1125.0,1,60,90,328,5.0,0,5.0,5.0,4.93,4.93,5.0,4.93,4.64,1,0.39,217
1,1,1.0,1,,1,1,0,1,194.0,1,1,1.0,2.0,0,2.0,2,2.0,3.0,1125,3.0,1125.0,1,56,86,255,19.0,1,4.9,4.95,4.9,4.95,4.95,4.87,4.82,1,1.75,330
1,1,1.0,1,1.0,1,0,0,1,198.4130841,1,1,3.0,3.0,1,2.1,3,2.6,30.0,1125,30.0,1125.0,0,0,0,0,0.0,0,4.84,4.9,4.83,4.97,4.95,4.93,4.9,3,1.55,425
1,1,1.0,1,1.0,1,1,0,1,205.0,1,0,3.0,3.0,0,1.5,2,3.0,3.0,1125,3.0,1125.0,1,53,83,355,14.0,1,4.82,4.77,4.98,4.95,4.95,4.9,4.69,3,1.73,8
1,1,0.33,0,1.0,1,1,0,0,98.0,1,0,1.0,2.0,0,1.0,2,2.0,30.0,120,30.0,120.0,1,57,87,87,0.0,0,5.0,5.0,5.0,5.0,5.0,5.0,5.0,1,0.05,263
1,1,1.0,1,1.0,1,1,0,1,220.0,1,1,3.0,3.0,0,1.0,0,3.0,3.0,1125,3.0,1125.0,1,44,74,346,33.0,1,4.96,4.92,5.0,4.95,5.0,4.97,4.87,3,3.05,253
1,0,0.99,0,1.0,1,0,0,1,82.0,1,1,6.1,8.6,0,1.0,2,2.0,30.0,1125,30.0,1125.0,0,39,69,344,4.0,1,4.9,4.9,4.9,4.9,5.0,5.0,4.9,12,0.25,460
1,0,0.99,1,1.0,1,1,1,1,147.0,1,0,22.0,38.0,0,1.0,1,1.0,3.0,1125,5.4,1125.0,1,54,84,203,4.0,0,5.0,5.0,5.0,5.0,5.0,5.0,4.87,3,0.41,488
0,0,0.0,0,1.0,0,1,1,1,800.0,1,0,2.0,3.0,0,1.6,5,2.3,30.0,365,30.0,365.0,1,58,88,363,1.0,0,4.9,4.9,4.9,5.0,5.0,4.9,4.75,1,0.14,374
1,0,0.99,0,1.0,1,0,1,1,107.0,1,1,6.1,8.6,1,1.6,4,2.3,30.0,1125,30.0,1125.0,0,0,0,101,0.0,0,5.0,5.0,5.0,5.0,5.0,5.0,5.0,12,0.03,410
1,0,0.99,0,1.0,1,0,1,1,395.0,1,1,6.1,8.6,1,3.5,4,4.0,30.0,1125,30.0,1125.0,1,43,70,333,0.0,0,4.95,4.89,5.0,4.89,4.89,5.0,4.79,12,0.52,407
1,0,1.0,1,1.0,1,1,0,1,260.0,1,1,6.1,8.6,0,1.0,1,2.0,1.0,1125,2.9,62.5,1,56,83,358,8.0,0,4.92,4.92,4.96,4.9,4.77,4.81,4.81,3,0.78,419
0,0,0.5,0,1.0,1,0,0,1,175.0,1,1,1.0,1.0,0,1.0,1,2.3,30.0,365,30.0,1125.0,0,33,63,85,0.0,0,5.0,5.0,5.0,5.0,5.0,5.0,5.0,1,0.04,77
1,1,0.99,1,1.0,1,0,0,1,233.0,1,0,7.0,9.0,0,1.0,0,1.0,2.0,1125,2.0,1125.0,1,60,90,363,17.0,1,4.97,5.0,5.0,5.0,5.0,4.9,4.97,3,0.82,9
1,1,0.99,0,,1,1,1,1,135.0,1,1,7.0,9.0,0,1.0,2,3.0,30.0,1125,27.2,1125.0,0,36,66,341,1.0,0,4.84,4.83,4.93,4.97,4.92,4.84,4.67,1,2.56,538
1,0,1.0,1,1.0,1,1,0,1,245.0,1,1,6.1,8.6,0,1.0,1,1.0,1.0,1125,2.8,138.3,1,33,61,336,6.0,1,4.9,4.9,4.9,4.9,5.0,4.9,4.9,3,0.68,469
1,1,0.98,0,0.0,1,1,1,1,183.0,1,1,1.0,4.0,1,2.0,3,4.0,3.0,90,3.0,1125.0,1,31,31,124,18.0,2,4.94,4.94,4.91,4.91,4.89,4.88,4.82,1,2.26,380
1,1,1.0,1,1.0,1,0,0,1,206.0,1,0,1.0,1.0,1,2.0,2,3.0,2.0,1125,2.0,1125.0,0,31,48,224,39.0,3,5.0,5.0,5.0,4.98,5.0,4.98,4.94,1,3.58,549
1,1,0.99,1,1.0,1,0,0,1,233.0,1,0,7.0,9.0,0,1.0,1,1.0,2.0,730,2.0,730.0,1,53,83,355,26.0,0,5.0,5.0,4.98,5.0,5.0,4.94,4.84,3,1.46,75
1,1,1.0,1,0.0,1,1,0,1,198.4130841,1,1,1.0,1.0,0,2.1,2,2.6,3.0,31,3.0,1125.0,0,0,0,189,15.0,1,4.92,4.92,4.92,4.98,4.97,4.8,4.82,1,2.2,527
1,1,0.99,1,1.0,1,0,0,1,356.0,1,0,7.0,9.0,0,2.0,2,2.0,2.0,1125,2.0,1125.0,1,48,78,253,16.0,0,5.0,5.0,5.0,5.0,5.0,4.95,4.86,3,1.19,521
1,1,0.97,1,1.0,1,1,0,1,156.0,1,1,3.0,5.0,1,2.0,3,3.0,1.0,365,1.0,1125.0,1,36,64,326,39.0,3,4.84,4.96,4.91,4.93,4.93,4.84,4.74,2,2.29,234
0,0,0.95,0,1.0,1,1,0,1,186.0,1,1,1.0,1.0,0,1.0,1,1.0,30.0,90,30.0,1125.0,1,60,90,365,0.0,0,5.0,5.0,5.0,4.88,4.96,4.98,4.92,1,1.4,261
0,0,0.95,0,1.0,1,1,0,0,139.0,1,1,1.0,3.0,0,1.0,1,1.0,4.0,365,4.0,1125.0,1,60,90,365,0.0,0,4.8,4.76,4.85,4.85,4.88,4.83,4.78,1,1.19,389
1,1,1.0,1,1.0,1,1,0,1,285.0,1,0,1.0,1.0,1,1.5,2,3.0,3.0,28,3.0,28.0,1,55,85,253,19.0,2,4.91,4.83,4.93,4.98,4.98,4.85,4.85,1,1.51,143
1,1,1.0,1,,1,1,0,1,159.0,1,1,1.0,3.0,0,1.0,1,2.0,2.0,1125,2.0,1125.0,1,47,77,344,15.6,5,4.97,4.95,4.99,4.98,4.98,4.98,4.93,1,1.8,126
1,0,0.99,1,1.0,1,1,1,1,296.0,1,0,22.0,38.0,0,2.5,2,2.0,3.0,1125,5.1,1125.0,1,35,59,305,6.0,1,5.0,5.0,5.0,4.95,4.95,5.0,4.91,3,0.65,283
1,1,0.98,1,1.0,1,1,0,0,85.0,1,0,1.0,1.0,0,1.0,1,1.0,1.0,5,1.0,1125.0,0,0,0,127,43.0,2,4.82,4.92,4.83,4.94,4.94,4.84,4.83,1,3.6,24
1,1,1.0,1,1.0,1,1,0,1,109.0,1,0,3.0,4.0,0,2.0,2,2.0,30.0,1125,30.0,1125.0,1,35,35,139,1.0,0,5.0,5.0,5.0,5.0,5.0,5.0,5.0,1,0.12,119
1,1,0.83,1,1.0,1,1,0,1,90.0,1,0,1.0,1.0,1,2.5,3,2.0,30.0,1125,30.0,1125.0,1,55,85,360,7.0,1,4.92,4.96,4.99,4.92,4.97,4.9,4.93,1,2.1,23
1,1,0.65,0,1.0,1,1,0,1,375.0,1,0,2.0,2.0,1,2.0,3,3.0,3.0,30,3.0,30.0,1,44,74,329,8.0,0,4.97,5.0,4.97,4.94,4.94,4.9,4.77,2,0.96,199
0,0,0.95,0,1.0,1,1,0,1,133.0,1,0,2.0,3.0,0,1.0,1,1.0,1.0,30,1.4,1125.0,0,28,53,121,15.6,4,4.98,5.0,4.95,4.97,4.98,4.95,4.88,1,1.8,10
1,1,0.99,1,,1,1,0,1,175.0,1,1,32.0,46.0,0,1.0,2,2.0,2.0,365,3.0,1125.0,1,46,76,348,15.0,1,4.93,4.98,4.91,4.96,4.94,4.91,4.85,3,1.64,242
1,1,1.0,1,1.0,1,1,0,1,188.0,1,1,21.0,25.0,0,2.5,2,2.0,2.0,1125,30.0,1125.0,0,7,37,309,20.0,1,5.0,5.0,5.0,5.0,5.0,5.0,5.0,1,1.42,11
1,1,1.0,1,1.0,1,0,1,1,196.0,1,0,2.0,3.0,1,2.5,3,2.0,2.0,1125,2.0,1125.0,1,39,69,152,18.0,2,5.0,5.0,4.97,4.97,4.97,4.85,4.88,1,1.04,64
1,1,1.0,0,1.0,1,1,1,1,188.0,1,1,3.0,3.0,1,2.5,3,3.0,2.0,1125,13.8,1125.0,0,29,59,330,13.0,3,5.0,4.98,5.0,5.0,5.0,4.91,4.89,2,1.43,26
1,1,1.0,1,,1,1,0,1,170.0,1,0,1.0,1.0,1,3.0,3,3.0,30.0,365,30.0,365.0,1,60,90,286,4.0,0,4.93,4.93,4.93,5.0,5.0,4.93,4.8,1,0.48,302
1,1,1.0,0,1.0,1,1,1,1,450.0,1,0,1.0,1.0,1,2.0,3,3.0,30.0,365,30.0,365.0,1,59,89,364,1.0,0,5.0,5.0,5.0,5.0,5.0,5.0,5.0,1,0.65,254
1,0,0.99,1,,1,1,0,1,104.0,1,1,6.1,8.6,1,2.5,3,4.0,30.0,365,30.0,1125.0,0,19,49,324,0.0,0,5.0,5.0,5.0,5.0,5.0,5.0,4.9,11,0.1,346
1,1,0.97,1,1.0,1,1,1,1,208.0,1,0,3.0,3.0,0,2.5,2,2.0,2.0,1125,2.0,1125.0,0,3,3,51,14.0,0,4.91,4.95,4.95,5.0,5.0,4.91,4.86,1,0.99,402
0,0,0.85,0,1.0,1,1,1,1,265.0,1,0,1.0,1.0,1,2.0,3,3.0,2.0,14,2.0,14.0,0,0,0,148,7.0,0,4.9,4.95,4.8,4.9,4.95,4.95,4.7,1,0.67,212
1,1,0.5,0,1.0,1,1,0,1,145.0,1,0,1.0,1.0,1,2.5,3,2.0,30.0,90,30.0,90.0,1,59,89,234,2.0,0,5.0,5.0,5.0,5.0,5.0,5.0,5.0,1,0.24,430
0,0,0.95,0,,1,1,0,1,211.0,1,1,1.0,2.0,0,1.0,2,4.0,30.0,365,30.0,365.0,0,0,0,93,0.0,0,4.8,5.0,4.83,4.97,4.91,5.0,4.8,1,1.6,353
1,1,1.0,1,1.0,1,1,0,1,122.0,1,1,2.0,2.0,1,1.0,2,3.0,1.0,30,1.0,1125.0,1,41,71,71,15.6,4,4.97,4.95,4.96,4.9,4.98,4.92,4.89,2,1.8,159
1,1,0.98,1,1.0,1,1,0,1,182.0,1,0,1.0,2.0,0,1.0,2,2.0,1.0,365,1.0,1125.0,1,35,60,330,43.0,3,4.98,4.97,4.99,5.0,4.99,5.0,4.88,1,3.67,446
1,1,0.97,1,1.0,1,1,0,1,113.0,1,0,1.0,1.0,0,1.0,1,3.0,3.0,1125,3.0,1125.0,0,11,11,135,24.0,0,4.95,4.93,4.95,4.93,4.97,4.98,4.84,1,2.92,12
1,1,0.97,1,1.0,1,1,0,1,163.0,1,1,3.0,5.0,1,2.0,3,3.0,1.0,365,1.0,1125.0,1,38,68,327,14.0,2,4.93,4.91,4.96,4.93,4.91,4.82,4.82,2,1.41,95
1,1,1.0,0,1.0,1,1,0,1,182.0,1,1,1.0,1.0,1,2.5,3,4.0,2.0,31,2.0,1125.0,0,19,35,101,39.0,5,4.96,4.96,4.98,4.99,4.94,4.83,4.86,1,2.59,38
1,1,0.94,1,1.0,1,1,1,1,500.0,1,0,1.0,1.0,1,2.0,4,4.0,3.0,45,3.0,45.0,0,31,61,301,10.0,2,5.0,5.0,4.98,5.0,5.0,4.98,4.74,1,1.6,144
1,1,1.0,1,1.0,1,0,1,1,201.0,1,1,1.0,1.0,1,1.0,2,3.0,2.0,365,2.0,1125.0,1,33,63,331,27.0,3,4.88,4.93,4.92,4.92,5.0,4.95,4.73,1,2.5,200
1,1,1.0,1,1.0,1,1,0,1,188.0,1,0,2.0,2.0,1,1.0,1,3.0,2.0,30,2.0,1125.0,1,30,30,30,20.0,1,4.98,4.98,4.99,4.9,4.95,4.94,4.88,2,2.57,52
1,1,0.94,1,1.0,1,1,1,1,294.0,1,0,1.0,1.0,1,2.5,3,3.0,3.0,14,3.0,14.0,0,26,56,323,10.0,0,5.0,5.0,4.98,5.0,5.0,4.95,4.84,1,1.45,18
1,1,1.0,1,1.0,1,1,1,1,250.0,1,1,1.0,1.0,1,2.0,3,3.0,3.0,60,3.0,1125.0,0,27,57,313,28.0,1,4.97,5.0,5.0,5.0,5.0,4.98,4.95,1,2.29,145
1,1,0.93,0,1.0,1,1,0,0,42.0,1,0,9.0,14.0,0,1.5,1,1.0,27.0,120,27.0,1125.0,0,29,29,66,1.0,0,4.93,4.93,4.93,4.93,5.0,4.87,4.8,8,0.5,306
1,1,0.93,0,1.0,1,1,0,0,59.0,1,0,9.0,14.0,0,1.5,1,1.0,28.0,90,28.0,1125.0,1,49,60,150,2.0,0,5.0,5.0,5.0,5.0,5.0,5.0,5.0,8,0.31,305
0,0,0.95,0,1.0,1,0,0,1,175.0,1,0,1.0,1.0,0,1.0,2,2.0,2.0,365,2.0,365.0,1,57,87,356,38.0,3,4.99,4.99,5.0,4.97,5.0,4.99,4.89,1,3.36,203
1,1,1.0,0,,1,1,0,1,144.0,1,0,18.0,20.0,1,2.0,2,3.0,2.0,1125,2.0,1125.0,1,41,60,331,22.0,2,4.96,4.96,4.97,4.89,4.97,4.96,4.86,11,3.0,74
1,1,1.0,1,1.0,1,1,0,1,215.0,1,0,2.0,2.0,0,1.0,1,2.0,2.0,32,2.0,1125.0,0,0,0,97,20.0,2,4.98,5.0,4.93,4.99,4.99,4.96,4.88,2,2.93,27
0,0,1.0,0,1.0,1,1,0,1,160.0,1,0,1.0,1.0,0,1.0,1,1.0,30.0,365,30.0,1125.0,1,53,83,173,1.0,0,4.8,4.9,4.88,4.92,4.88,4.86,4.65,1,1.73,46
1,1,0.98,1,1.0,1,1,0,1,112.0,1,1,1.0,1.0,0,1.5,2,3.0,3.0,365,3.3,1125.0,0,30,60,60,33.0,4,4.9,4.91,4.91,4.95,4.97,4.85,4.93,1,3.63,356
1,1,1.0,1,1.0,1,1,1,1,167.0,1,1,2.0,6.0,1,2.5,3,3.0,30.0,365,30.0,365.0,0,37,60,60,0.0,0,5.0,5.0,5.0,5.0,5.0,5.0,5.0,1,0.05,192
1,0,1.0,1,1.0,1,1,0,1,800.0,1,1,6.1,8.6,1,3.5,3,3.0,1.0,1125,2.8,120.7,1,43,64,316,9.0,0,5.0,4.94,5.0,4.94,4.81,5.0,4.75,3,0.56,479
1,1,0.98,1,1.0,1,1,1,1,198.4130841,1,1,6.0,7.0,1,2.1,4,2.6,2.0,365,2.0,365.0,0,0,0,0,9.0,0,4.97,4.97,4.88,5.0,4.84,4.94,4.88,1,1.12,378
1,1,1.0,1,1.0,1,0,0,1,150.0,1,0,1.0,2.0,0,1.0,2,2.0,3.0,1125,2.4,1125.0,0,16,39,129,19.0,0,5.0,4.98,5.0,5.0,5.0,4.98,4.98,1,1.68,210
1,1,1.0,1,,1,1,0,1,177.0,1,0,1.0,3.0,0,1.0,1,2.0,2.0,730,2.0,730.0,0,32,59,315,49.0,2,4.97,4.97,4.86,4.97,4.98,4.97,4.88,1,4.48,206
1,1,0.98,1,1.0,1,1,0,1,130.0,1,1,1.0,1.0,1,2.0,2,3.0,1.0,365,4.1,1125.0,1,53,83,352,17.0,2,4.84,4.9,4.94,4.93,4.88,4.9,4.75,1,2.33,296
1,1,1.0,1,1.0,1,1,0,1,100.0,1,0,1.0,1.0,0,1.0,1,2.0,2.0,1125,2.0,1125.0,1,42,72,344,49.0,0,4.98,5.0,4.99,5.0,5.0,4.98,4.95,1,3.99,519
1,1,1.0,1,1.0,1,0,0,1,120.0,1,0,1.0,1.0,0,1.0,1,1.0,2.0,120,2.0,1125.0,1,42,64,154,45.0,2,4.96,4.99,4.99,4.96,4.96,4.94,4.89,1,4.73,180
0,1,0.77,1,0.0,1,1,0,1,115.0,1,0,2.0,3.0,1,2.5,2,3.0,30.0,1125,30.0,1125.0,1,55,56,146,1.0,1,5.0,5.0,4.9,5.0,5.0,5.0,5.0,1,0.07,278
1,1,1.0,1,1.0,1,1,0,1,175.0,1,1,1.0,1.0,0,1.0,1,1.0,1.0,365,1.3,1125.0,1,51,81,356,45.0,1,5.0,4.99,4.99,4.95,5.0,4.93,4.96,1,2.66,545
1,1,0.99,1,1.0,1,1,1,1,176.0,1,1,2.0,2.0,1,1.0,2,3.0,1.0,365,1.0,365.0,1,40,70,340,55.0,5,4.9,4.79,4.88,4.92,4.94,4.84,4.9,2,4.93,448
1,1,0.99,1,1.0,1,1,1,1,306.0,1,1,2.0,2.0,1,2.0,5,2.3,1.0,365,1.0,365.0,1,49,77,332,38.0,4,4.9,4.83,4.83,4.99,4.94,4.85,4.62,2,3.97,447
1,1,1.0,0,1.0,1,1,0,1,271.0,1,0,1.0,1.0,1,1.0,3,3.0,1.0,1125,1.0,1125.0,1,33,62,331,18.0,0,4.98,4.95,4.98,4.94,4.98,4.86,4.85,1,2.81,291
1,1,1.0,1,1.0,1,1,0,1,99.0,1,1,4.0,4.0,0,1.0,1,1.0,1.0,365,1.0,1125.0,0,31,46,300,61.0,5,4.98,5.0,4.99,4.93,5.0,4.98,4.87,3,4.93,433
1,1,1.0,1,1.0,1,1,1,1,349.0,1,0,1.0,1.0,1,2.0,3,4.0,2.0,28,2.0,1125.0,1,36,66,318,29.0,1,5.0,4.98,5.0,5.0,5.0,4.97,4.94,1,2.25,166
1,1,0.96,1,1.0,1,1,0,0,63.0,1,0,1.0,4.0,0,1.0,1,1.0,1.0,1125,1.1,1125.0,1,43,70,88,15.6,4,4.96,4.97,4.98,4.92,4.98,4.89,4.89,1,1.8,152
1,0,1.0,1,1.0,1,1,0,1,245.0,1,1,6.1,8.6,0,1.0,1,1.0,1.0,1125,3.0,48.5,1,59,89,364,10.0,1,4.9,4.79,4.83,4.79,4.79,4.83,4.9,3,0.84,468
1,1,0.98,0,1.0,1,1,1,1,250.0,1,1,1.0,1.0,1,2.0,3,2.3,3.0,1125,1.0,1125.0,1,39,69,341,28.0,1,4.97,4.97,4.98,5.0,4.98,4.95,4.91,1,2.21,540
0,1,1.0,0,1.0,1,1,1,1,110.0,1,0,1.0,2.0,0,1.0,1,1.0,30.0,365,30.0,365.0,0,32,62,248,1.0,1,5.0,5.0,5.0,5.0,5.0,5.0,4.9,1,1.0,108
1,1,1.0,0,1.0,1,1,0,1,197.0,1,1,6.1,8.6,1,1.0,2,2.0,2.0,1125,2.7,71.1,1,45,75,350,15.0,1,4.9,4.9,4.9,4.9,5.0,4.9,4.9,3,1.6,417
1,1,0.99,0,1.0,1,1,0,1,198.4130841,1,1,10.0,12.0,1,2.1,3,2.6,3.0,28,3.2,1125.0,0,11,11,11,17.0,0,4.95,4.98,5.0,4.93,5.0,4.88,4.81,2,1.57,485
1,1,1.0,0,,1,1,0,1,105.0,1,0,18.0,20.0,1,2.0,2,4.0,30.0,365,30.0,1125.0,1,60,90,365,0.0,0,4.92,4.96,4.92,4.94,4.98,4.86,4.84,11,1.75,300
1,0,1.0,1,0.0,1,0,0,1,164.0,1,1,1.0,1.0,1,2.5,3,4.0,2.0,1125,2.0,1125.0,0,27,57,323,38.0,2,4.82,4.91,4.89,4.82,4.77,4.78,4.73,1,3.29,392
1,1,0.95,1,,1,1,1,1,339.0,1,0,1.0,1.0,0,2.0,2,2.0,2.0,30,2.0,1125.0,0,15,15,109,12.0,1,5.0,5.0,5.0,5.0,5.0,5.0,4.9,1,1.12,173
1,0,0.99,0,1.0,1,0,0,1,137.0,1,1,6.1,8.6,0,1.0,1,1.0,2.0,1125,2.1,1125.0,0,19,26,288,12.0,0,4.81,4.88,4.91,4.9,4.81,4.91,4.72,12,1.16,455
1,1,1.0,1,1.0,1,1,0,1,105.0,1,1,3.0,4.0,0,1.0,2,2.0,28.0,60,4.8,1125.0,0,39,69,159,18.0,1,4.86,4.87,4.9,4.96,4.96,4.94,4.79,3,2.5,548
1,1,1.0,0,1.0,1,0,0,1,141.0,1,0,2.0,2.0,1,2.0,2,3.0,1.0,730,2.0,1125.0,1,43,73,343,19.0,1,4.91,4.92,4.86,4.85,5.0,4.97,4.79,1,2.38,301
1,1,1.0,1,1.0,1,1,0,1,154.0,1,0,1.0,1.0,1,2.5,3,4.0,1.0,1125,1.0,1125.0,0,28,48,258,65.0,1,4.95,4.98,4.84,4.89,4.94,4.86,4.83,1,4.26,33
1,1,1.0,0,1.0,1,1,1,1,165.0,1,1,6.1,8.6,0,1.0,1,1.0,2.0,1125,2.7,93.9,1,48,72,347,23.0,4,4.9,4.88,4.92,4.9,5.0,4.94,4.7,3,1.9,416
1,0,1.0,1,1.0,1,1,0,1,300.0,1,1,6.1,8.6,0,2.0,2,3.0,1.0,1125,2.6,225.1,1,37,67,294,19.0,2,4.96,4.87,4.83,4.83,4.87,4.78,4.65,3,0.92,268
1,1,0.99,1,1.0,1,1,0,1,124.0,1,1,15.0,28.0,0,1.0,1,2.0,2.0,365,2.0,365.0,1,57,87,358,48.0,5,4.96,4.96,4.98,4.96,4.96,4.96,4.83,5,3.48,168
1,1,1.0,1,1.0,1,1,0,1,89.0,1,0,9.0,13.0,0,1.0,0,1.0,2.0,365,2.0,1125.0,1,46,70,70,47.0,2,4.94,4.96,4.89,4.92,4.98,4.9,4.8,5,5.33,185
1,0,0.99,1,,1,1,0,1,165.0,1,1,6.1,8.6,0,1.0,1,2.0,1.0,365,2.2,1125.0,1,46,76,351,7.0,0,4.9,4.87,4.87,4.8,4.93,4.87,4.9,11,0.57,307
1,1,0.99,1,,1,1,0,1,195.0,1,1,32.0,46.0,1,2.0,2,3.0,3.0,365,2.9,1125.0,1,57,85,85,13.0,0,4.95,5.0,4.95,5.0,4.97,4.92,4.84,3,1.52,202
1,1,1.0,1,1.0,1,1,0,1,220.0,1,1,1.0,1.0,1,1.5,2,2.0,2.0,365,2.0,1125.0,0,12,42,314,13.0,0,4.87,4.83,4.83,4.91,4.96,4.9,4.9,1,0.9,441
1,1,1.0,1,1.0,1,1,0,0,149.0,1,0,1.0,1.0,0,1.0,1,1.0,1.0,27,1.0,1125.0,0,5,5,5,27.0,1,4.98,4.98,5.0,5.0,4.98,5.0,4.87,1,2.61,85
1,1,0.98,1,,1,1,0,1,215.0,1,0,17.0,19.0,1,2.0,3,3.0,2.0,1125,1.7,1125.0,0,38,68,339,10.0,2,4.94,4.94,4.92,4.98,4.96,4.96,4.88,10,1.88,321
1,1,1.0,1,1.0,1,1,0,1,141.0,1,0,1.0,1.0,0,1.0,1,1.0,3.0,30,3.0,1125.0,0,6,6,6,34.0,1,4.94,4.96,4.97,4.96,4.99,5.0,4.9,1,3.01,164
1,1,1.0,1,1.0,1,1,0,1,150.0,1,1,1.0,1.0,0,1.0,2,2.0,2.0,30,3.2,1125.0,0,44,64,150,37.0,3,5.0,5.0,5.0,4.95,5.0,4.99,4.91,1,3.05,256
1,1,0.99,1,1.0,1,1,1,1,147.0,1,0,6.0,11.0,0,1.0,2,2.0,2.0,14,2.1,14.0,0,38,38,38,17.0,2,4.95,4.97,4.85,4.97,4.85,4.92,4.92,1,1.52,434
0,0,0.95,0,0.0,1,1,0,1,166.0,1,0,2.0,2.0,0,1.0,1,2.0,2.0,30,2.0,1125.0,1,60,75,239,23.0,3,4.93,4.95,5.0,4.93,5.0,4.93,4.82,2,1.89,400
1,1,1.0,0,1.0,1,1,0,0,198.4130841,1,0,4.0,4.0,0,2.1,1,2.6,2.0,90,2.0,1125.0,1,33,33,33,10.0,2,4.91,4.94,4.97,4.81,4.91,4.88,4.81,4,1.29,153
1,1,1.0,0,1.0,1,1,0,1,198.4130841,1,0,4.0,4.0,1,2.1,5,2.6,5.0,90,5.0,1125.0,0,0,0,0,0.0,0,4.9,4.9,4.9,4.9,4.9,4.9,4.8,4,2.1,121
1,1,1.0,1,1.0,1,1,1,1,174.0,1,1,10.0,10.0,1,1.5,3,4.0,2.0,80,2.0,1125.0,1,42,68,326,49.0,4,4.89,4.85,4.86,4.85,4.95,4.97,4.78,1,3.92,275
1,1,1.0,0,1.0,1,1,1,1,229.0,1,0,2.0,3.0,0,2.5,2,2.0,28.0,185,28.0,185.0,1,59,89,269,2.0,1,5.0,5.0,5.0,5.0,5.0,4.78,4.89,2,0.4,293
1,0,1.0,1,1.0,1,1,1,1,229.0,1,1,6.1,8.6,1,1.0,3,3.0,1.0,1125,1.7,710.3,1,36,63,137,9.0,1,4.9,4.77,4.77,4.8,5.0,4.93,4.9,3,1.26,478
1,1,1.0,1,1.0,1,1,0,1,150.0,1,1,1.0,1.0,0,1.0,1,1.0,2.0,365,2.0,365.0,0,26,47,256,16.0,3,4.85,4.88,4.85,4.85,4.85,4.85,4.85,1,1.12,169
0,0,0.95,0,1.0,1,0,1,1,225.0,1,1,1.0,1.0,1,3.5,5,2.3,9.4,365,10.2,1125.0,1,60,90,365,0.0,0,4.9,4.9,4.9,4.9,4.9,4.9,4.8,1,2.1,13
1,1,0.53,0,1.0,1,1,0,1,100.0,1,0,2.0,3.0,0,2.0,2,2.0,30.0,60,30.0,60.0,1,60,90,365,0.0,0,4.86,5.0,4.9,5.0,5.0,4.86,4.9,1,0.32,265
1,1,1.0,1,1.0,1,1,1,1,264.0,1,0,1.0,1.0,1,2.0,3,3.0,2.0,1125,2.0,1125.0,1,27,37,98,61.0,2,4.98,4.98,4.99,4.99,5.0,4.95,4.93,1,5.35,178
1,1,0.94,0,1.0,1,1,1,1,315.0,1,0,11.0,16.0,1,2.0,3,4.0,4.0,365,4.0,365.0,1,60,90,256,5.0,0,4.9,4.9,4.9,4.9,4.86,4.96,4.9,2,1.14,486
1,1,0.99,1,1.0,1,1,1,1,207.0,1,0,15.0,21.0,1,2.0,3,3.0,29.0,60,29.0,1125.0,0,0,0,172,8.0,0,4.94,4.94,4.85,4.91,5.0,4.88,4.79,4,1.49,50
1,1,0.94,0,1.0,1,1,0,1,325.0,1,0,11.0,16.0,1,1.0,3,4.0,30.0,365,30.0,365.0,0,0,7,187,1.0,0,4.9,4.92,4.9,4.9,4.92,5.0,4.9,2,0.5,264
1,1,1.0,1,1.0,1,0,0,1,152.0,1,1,1.0,1.0,0,1.0,1,2.0,3.0,30,3.0,1125.0,1,43,73,340,22.0,1,4.79,4.91,4.91,4.93,4.93,4.84,4.79,1,1.78,184
1,1,0.99,1,1.0,1,1,1,1,198.4130841,1,1,15.0,28.0,1,2.1,4,2.6,30.0,365,30.0,365.0,0,0,0,0,3.0,0,5.0,5.0,5.0,5.0,5.0,5.0,5.0,5,0.22,61
1,1,1.0,1,1.0,1,1,1,1,200.0,1,0,1.0,1.0,1,2.5,3,3.0,29.0,180,29.0,180.0,0,0,6,127,5.0,1,5.0,5.0,4.9,5.0,5.0,5.0,5.0,1,0.47,322
1,1,0.98,1,1.0,1,1,0,1,100.0,1,0,1.0,1.0,0,1.0,1,1.0,1.0,10,1.0,10.0,1,46,71,161,15.6,3,4.98,4.96,4.99,4.93,4.97,4.96,4.87,1,1.8,1
1,1,1.0,1,1.0,1,1,0,1,152.0,1,1,1.0,1.0,1,1.0,3,4.0,1.0,90,1.0,1125.0,1,37,67,151,28.0,4,4.95,4.95,4.97,4.99,4.99,4.89,4.85,1,3.08,66
1,0,0.98,1,,1,1,1,1,296.0,1,1,3.0,6.0,0,2.0,2,2.0,3.0,365,3.0,365.0,1,48,78,345,16.0,1,5.0,5.0,5.0,5.0,5.0,5.0,4.93,3,2.03,215
1,1,0.96,0,1.0,1,0,0,1,144.0,1,0,5.0,6.0,0,1.0,1,1.0,2.0,1125,2.0,1125.0,1,38,38,38,47.0,3,4.94,5.0,4.91,4.99,5.0,4.97,4.91,2,3.39,354
0,0,0.95,0,0.0,1,1,1,1,198.4130841,1,0,1.0,1.0,0,2.1,2,2.6,30.0,365,30.0,365.0,1,59,89,364,0.0,0,4.9,4.9,4.9,4.9,4.9,4.9,4.8,1,2.1,205
1,1,1.0,0,1.0,1,1,0,0,198.4130841,1,0,4.0,4.0,0,2.1,1,2.6,2.0,90,2.0,1125.0,1,39,69,112,13.0,1,4.8,4.9,4.93,4.9,4.9,4.93,4.9,4,1.25,154
1,1,1.0,0,1.0,1,1,0,0,198.4130841,1,0,4.0,4.0,0,2.1,2,2.6,2.0,90,2.0,1125.0,1,37,61,61,3.0,0,4.83,4.83,4.83,5.0,5.0,5.0,4.67,4,0.25,120
0,1,0.92,1,1.0,1,0,1,1,358.0,1,0,1.0,1.0,1,2.0,4,4.0,3.0,60,3.0,60.0,0,12,42,289,20.0,1,5.0,5.0,5.0,5.0,5.0,5.0,4.94,1,1.53,17
1,1,1.0,0,,1,1,0,1,136.0,1,0,18.0,20.0,1,2.0,2,3.0,1.0,365,2.0,1125.0,1,46,76,347,44.0,4,4.99,4.96,4.9,4.94,4.99,4.91,4.87,11,2.98,339
1,1,1.0,0,,1,1,0,1,142.0,1,0,18.0,20.0,1,2.0,2,4.0,1.0,365,2.0,1125.0,0,37,62,328,44.0,2,4.93,4.94,4.96,4.93,4.99,4.97,4.9,11,3.3,336
1,1,1.0,0,,1,1,0,1,140.0,1,0,18.0,20.0,1,2.0,2,3.0,1.0,365,2.0,1125.0,1,48,75,346,35.0,4,4.97,5.0,4.97,4.96,4.97,4.93,4.9,11,3.0,338
1,1,1.0,0,,1,1,0,1,140.0,1,0,18.0,20.0,1,2.0,2,4.0,1.0,365,2.0,1125.0,0,28,58,326,53.0,1,4.93,4.92,4.96,4.97,5.0,4.92,4.9,11,4.34,337
1,1,0.89,0,1.0,1,1,0,1,204.0,1,0,1.0,1.0,1,1.0,1,3.0,3.0,365,3.0,365.0,1,49,79,354,6.0,1,4.92,4.85,5.0,4.77,4.85,4.77,4.92,1,0.59,14
1,1,1.0,1,1.0,1,0,1,1,150.0,1,1,3.0,3.0,1,2.5,3,4.0,28.0,365,28.0,1125.0,0,0,0,94,7.0,0,5.0,5.0,4.9,5.0,5.0,4.97,4.94,1,1.38,381
1,1,1.0,1,1.0,1,1,0,0,82.0,1,0,2.0,2.0,0,1.0,1,1.0,1.0,7,1.0,7.0,0,0,0,131,28.0,0,4.95,4.93,5.0,4.95,4.93,4.93,4.83,1,2.92,65
1,1,0.99,0,1.0,1,1,1,1,203.0,1,0,17.0,17.0,1,2.5,3,2.3,1.0,365,2.0,1125.0,0,20,37,286,37.0,1,4.96,4.87,4.88,4.94,4.94,4.9,4.8,3,3.25,361
1,1,0.99,0,1.0,1,1,1,1,195.0,1,0,17.0,17.0,1,2.5,3,2.3,1.0,365,2.0,1125.0,0,29,43,287,27.0,0,4.94,4.92,4.94,4.88,5.0,4.96,4.85,3,2.23,364
1,1,0.99,0,1.0,1,1,1,1,531.0,1,0,17.0,17.0,0,1.6,6,2.3,1.0,365,2.5,1125.0,0,16,30,274,16.0,2,4.96,4.92,5.0,4.96,5.0,4.77,4.62,3,1.28,362
1,0,0.99,1,,1,1,1,1,232.0,1,1,6.1,8.6,1,2.5,4,2.3,1.0,365,2.6,1125.0,0,31,61,333,2.0,0,5.0,5.0,5.0,5.0,5.0,5.0,5.0,11,0.23,326
0,1,0.86,0,1.0,1,1,1,1,219.0,1,0,2.0,2.0,1,2.5,3,3.0,2.0,14,2.0,14.0,0,17,17,88,5.0,0,5.0,5.0,5.0,5.0,5.0,4.89,4.89,1,0.48,20
1,0,0.99,0,1.0,1,0,0,1,198.0,1,1,6.1,8.6,1,2.5,3,2.3,30.0,1125,30.0,1125.0,0,18,48,304,2.0,0,4.93,5.0,4.87,5.0,5.0,4.87,4.73,12,0.73,406
1,1,0.99,1,1.0,1,1,0,1,180.0,1,1,17.0,17.0,0,1.0,2,2.0,2.0,28,2.0,1125.0,1,55,85,358,4.0,0,5.0,4.93,5.0,4.93,4.93,4.93,4.93,8,0.86,219
1,1,1.0,0,,1,1,1,1,215.0,1,1,4.0,9.0,1,1.0,2,4.0,2.0,30,1.0,1125.0,1,43,69,251,24.0,1,4.87,4.87,4.85,4.9,4.87,4.9,4.77,3,2.5,110
0,1,0.69,1,1.0,1,1,1,1,500.0,1,0,1.0,2.0,0,3.0,6,2.3,1.0,1125,1.0,1125.0,1,41,71,330,34.0,4,5.0,4.93,4.93,5.0,5.0,4.95,4.93,1,2.48,60
0,1,0.67,0,1.0,1,1,1,1,161.0,1,0,1.0,1.0,1,2.5,3,3.0,30.0,1125,30.0,1125.0,1,59,89,334,1.0,0,5.0,5.0,5.0,5.0,5.0,5.0,5.0,1,0.16,113
1,1,0.65,0,1.0,1,1,0,1,275.0,1,0,2.0,2.0,0,2.0,2,2.0,3.0,365,4.0,365.0,1,60,90,322,4.0,0,4.9,4.88,4.88,4.9,5.0,4.9,4.9,2,0.46,82
1,1,0.99,1,1.0,1,1,1,1,179.0,1,1,15.0,28.0,0,1.0,2,2.0,2.0,365,2.0,365.0,0,12,12,12,15.0,1,4.9,4.9,4.9,4.86,4.86,4.86,4.9,5,1.82,235
1,1,1.0,0,,1,1,0,1,142.0,1,0,18.0,20.0,1,2.0,2,3.0,1.0,180,2.0,1125.0,1,49,79,349,58.0,1,4.94,4.98,4.93,5.0,5.0,4.9,4.9,11,4.48,2
1,1,1.0,0,,1,1,0,1,144.0,1,0,18.0,20.0,1,2.0,2,3.0,1.0,180,2.0,1125.0,1,49,79,351,44.0,3,4.99,5.0,4.95,4.98,4.99,4.93,4.89,11,4.23,334
1,1,1.0,0,,1,1,0,1,142.0,1,0,18.0,20.0,1,2.0,2,3.0,1.0,180,2.0,1125.0,1,50,67,331,54.0,3,4.96,4.98,4.93,4.91,4.98,4.93,4.88,11,4.24,124
1,1,1.0,0,,1,1,0,1,141.0,1,0,18.0,20.0,1,2.0,2,3.0,1.0,180,2.0,1125.0,1,40,48,309,40.0,5,4.93,4.96,4.95,4.95,4.96,4.91,4.89,11,3.77,3
1,1,0.8,1,1.0,0,1,1,1,135.0,1,0,1.0,1.0,0,1.5,2,2.0,30.0,124,30.0,124.0,0,8,32,254,2.0,0,5.0,5.0,5.0,5.0,5.0,5.0,5.0,1,0.17,165
0,0,0.84,0,1.0,1,1,1,1,210.0,1,0,1.0,1.0,1,2.5,3,4.0,1.0,1125,3.0,1125.0,0,0,0,54,12.0,0,4.76,4.9,4.95,4.95,4.95,4.95,4.71,1,1.16,22
1,1,1.0,0,1.0,1,1,1,1,198.4130841,1,1,6.1,8.6,1,2.1,2,2.6,2.0,1125,2.4,595.9,1,60,90,365,2.0,0,4.9,4.9,4.9,4.9,5.0,4.9,4.9,3,0.23,428
1,1,0.97,1,1.0,1,1,0,1,139.0,1,0,1.0,3.0,0,2.5,3,3.0,2.0,24,1.9,24.0,1,36,66,96,29.0,2,5.0,4.94,4.94,5.0,4.97,4.91,4.94,1,1.89,269
1,1,0.99,1,,1,1,0,1,165.0,1,1,32.0,46.0,0,1.0,2,2.0,2.0,365,3.1,365.0,1,56,86,358,18.0,1,4.97,4.97,4.95,4.95,4.95,4.97,4.95,3,1.98,271
1,1,1.0,1,1.0,1,1,0,1,123.0,1,1,2.0,2.0,0,1.0,1,1.0,1.0,365,1.0,365.0,0,34,59,59,15.6,4,5.0,4.98,4.99,4.95,4.99,4.92,4.92,2,1.8,385
1,1,0.98,1,,1,1,1,1,288.0,1,0,17.0,19.0,1,1.6,3,3.0,2.0,28,1.7,28.0,0,32,37,103,14.0,2,5.0,4.96,5.0,4.88,5.0,4.9,4.88,10,1.32,316
1,1,1.0,1,1.0,1,1,0,1,100.0,1,1,4.0,4.0,0,1.0,1,1.0,1.0,365,1.0,1125.0,1,38,61,330,53.0,4,4.96,4.99,4.98,4.85,4.99,4.96,4.91,3,4.4,294
1,1,1.0,1,,1,1,0,1,198.4130841,1,0,6.0,6.0,0,2.1,1,2.6,2.0,29,2.0,29.0,0,0,0,0,28.0,0,5.0,4.97,4.98,4.97,4.98,4.9,4.92,1,3.43,320
1,1,0.99,1,1.0,1,1,1,1,283.0,1,1,17.0,17.0,1,3.0,3,3.0,2.0,30,2.0,1125.0,1,49,72,316,10.0,2,5.0,5.0,4.88,5.0,5.0,4.94,4.82,8,0.93,260
0,1,0.38,0,1.0,1,1,1,1,275.0,1,0,2.0,2.0,1,3.5,4,2.3,30.0,365,30.0,365.0,0,25,49,179,3.0,1,5.0,5.0,5.0,5.0,5.0,5.0,4.75,1,0.23,276
1,1,1.0,1,1.0,1,1,1,1,99.0,1,0,2.0,2.0,0,1.0,2,2.0,3.0,1125,3.0,1125.0,0,22,43,293,49.0,3,5.0,4.99,5.0,5.0,4.99,5.0,4.94,1,4.65,518
1,1,0.86,1,1.0,1,1,1,1,299.0,1,1,1.0,5.0,1,2.0,3,3.0,2.0,365,2.0,365.0,1,48,78,348,5.0,1,5.0,5.0,5.0,5.0,5.0,5.0,4.85,1,0.71,373
1,1,0.99,1,1.0,1,1,0,1,120.0,1,1,17.0,17.0,0,2.5,2,2.0,30.0,365,30.0,365.0,0,0,0,133,0.0,0,4.9,4.9,4.9,4.9,4.9,4.9,4.8,8,2.1,189
1,1,1.0,1,1.0,1,0,0,1,162.0,1,0,1.0,1.0,0,1.0,1,1.0,2.0,730,2.0,730.0,1,49,79,142,31.0,1,4.93,5.0,4.91,4.91,4.93,5.0,4.91,1,2.53,224
0,0,0.75,0,1.0,0,1,1,1,114.0,1,0,3.0,5.0,1,3.0,3,1.0,60.0,365,60.0,365.0,1,53,83,154,0.0,0,4.9,4.9,4.9,4.9,4.9,4.9,4.8,1,2.1,69
0,0,1.0,1,1.0,0,1,0,1,130.0,1,0,1.0,2.0,1,3.0,3,3.0,30.0,365,30.0,365.0,0,14,14,266,1.0,0,5.0,5.0,5.0,5.0,5.0,5.0,5.0,1,0.15,279
1,1,0.97,1,1.0,1,1,0,1,165.0,1,0,1.0,1.0,1,1.0,2,3.0,3.0,365,3.0,1125.0,1,50,80,102,24.0,0,5.0,4.98,5.0,4.98,4.96,5.0,4.92,1,2.75,442
1,1,0.99,1,1.0,1,1,0,1,112.0,1,0,1.0,1.0,0,1.0,1,1.0,1.0,1125,1.0,1125.0,1,51,81,83,15.6,5,4.98,4.99,5.0,4.99,4.97,4.96,4.93,1,1.8,431
1,1,0.99,1,0.0,1,1,0,1,141.0,1,0,3.0,3.0,0,1.0,2,2.0,2.0,14,2.0,14.0,0,27,48,276,52.0,2,4.99,4.93,5.0,4.95,4.99,4.99,4.92,2,4.17,36
1,1,0.97,1,1.0,1,1,1,1,200.0,1,1,1.0,1.0,1,2.0,3,4.0,2.0,28,2.0,1125.0,0,22,52,130,40.0,2,4.98,4.98,4.92,4.92,4.98,4.92,4.92,1,3.02,223
1,1,0.96,0,1.0,1,0,0,0,97.0,1,0,5.0,6.0,0,1.0,1,1.0,2.0,31,2.0,31.0,1,16,16,16,15.0,0,4.83,4.78,4.87,4.78,4.91,4.9,4.87,2,1.5,288
1,1,1.0,1,1.0,1,1,0,1,399.0,1,1,1.0,3.0,0,2.0,2,2.0,1.0,1125,1.3,1125.0,0,20,50,278,17.0,1,5.0,4.96,4.93,5.0,5.0,4.93,4.74,1,1.63,37
1,1,0.98,1,,1,1,0,1,109.0,1,0,17.0,19.0,0,1.0,1,1.0,2.0,365,1.7,990.5,1,59,89,364,17.0,1,4.96,4.91,4.96,4.83,4.91,4.91,4.7,10,1.39,367
1,1,1.0,1,1.0,1,1,1,1,173.0,1,1,1.0,1.0,0,2.0,2,3.0,1.0,1125,1.0,1125.0,0,20,22,238,15.6,1,5.0,5.0,4.96,4.94,4.96,4.91,4.9,1,1.8,55
0,1,0.79,1,1.0,1,1,1,1,312.0,1,0,3.0,4.0,1,2.0,4,2.3,2.0,30,2.0,1125.0,0,0,0,166,13.0,0,4.88,5.0,5.0,5.0,5.0,4.88,4.81,1,0.93,530
1,1,1.0,0,,1,1,1,1,234.0,1,1,4.0,9.0,1,1.0,3,2.3,2.0,30,1.0,1125.0,1,42,66,277,14.0,0,4.9,4.9,5.0,4.95,4.9,5.0,4.9,3,1.15,162
1,1,1.0,0,,1,1,1,1,735.0,1,0,4.0,9.0,0,2.0,5,2.3,2.0,30,1.0,30.0,1,39,63,240,13.0,0,4.94,5.0,4.94,4.94,4.89,4.94,4.83,3,1.22,388
0,0,1.0,1,1.0,1,0,1,1,198.4130841,1,1,1.0,1.0,1,2.1,3,2.6,30.0,252,30.0,1125.0,0,0,0,0,6.0,0,4.84,4.95,4.84,4.95,4.95,4.89,4.89,1,1.14,369
1,1,1.0,1,1.0,1,1,0,1,168.0,1,0,1.0,1.0,0,1.0,1,1.0,3.0,60,3.0,1125.0,0,20,20,107,42.0,5,4.98,4.98,4.95,5.0,4.97,4.94,4.91,1,3.68,252
1,1,0.99,1,1.0,1,1,1,1,295.0,1,0,2.0,2.0,1,1.0,2,3.0,3.0,365,3.0,365.0,1,44,74,276,26.0,2,4.94,4.97,4.89,4.91,5.0,4.97,4.71,1,2.35,329
1,1,0.99,1,1.0,1,1,0,1,177.0,1,1,15.0,21.0,1,2.0,2,3.0,2.0,45,4.8,45.0,1,41,67,338,20.0,1,4.86,4.91,4.95,4.86,4.95,4.91,4.91,4,1.58,270
1,1,0.79,1,1.0,1,0,0,0,62.0,1,0,1.0,1.0,0,1.0,1,1.0,1.0,4,1.0,4.0,1,22,44,44,21.0,3,4.9,4.8,4.85,4.78,4.78,4.85,4.78,1,2.37,122
1,1,0.98,1,0.0,1,0,0,0,90.0,1,0,1.0,1.0,0,1.0,1,1.0,1.0,28,1.0,28.0,1,37,67,157,38.0,3,5.0,5.0,4.98,5.0,5.0,4.95,4.98,1,3.28,70
1,0,1.0,1,1.0,1,1,1,1,800.0,1,1,6.1,8.6,0,3.5,5,2.3,1.0,1125,2.7,208.2,1,39,59,303,15.0,1,4.9,4.78,4.94,5.0,4.78,5.0,4.83,3,1.14,511
1,1,1.0,0,,1,1,0,1,400.0,1,0,18.0,20.0,0,1.6,4,2.3,2.0,365,2.0,1125.0,1,43,60,324,8.0,0,5.0,5.0,5.0,4.9,5.0,4.88,4.88,11,0.76,359
0,0,0.95,0,1.0,1,1,1,1,197.0,1,0,3.0,6.0,0,1.0,2,2.0,2.0,365,1.3,365.0,1,40,66,330,30.0,0,4.9,4.94,4.96,5.0,4.98,4.94,4.82,2,3.01,317
1,1,1.0,1,1.0,1,1,0,0,194.0,1,1,5.0,5.0,0,1.0,2,3.0,1.0,365,1.0,380.7,1,31,57,272,9.0,1,5.0,4.89,4.89,5.0,5.0,4.78,4.89,5,0.77,176
1,1,1.0,1,1.0,1,1,0,0,198.4130841,1,1,5.0,5.0,0,2.1,1,2.6,1.0,365,1.0,380.7,1,54,84,351,2.0,1,5.0,4.9,4.9,5.0,5.0,4.9,4.67,5,0.18,314
1,1,1.0,1,1.0,1,1,0,0,137.0,1,1,5.0,5.0,0,1.0,1,1.0,1.0,365,1.0,380.7,1,54,84,348,46.0,1,4.94,4.98,4.94,4.96,4.98,4.88,4.92,5,3.21,315
1,1,1.0,1,1.0,1,1,0,0,198.4130841,1,1,5.0,5.0,0,2.1,1,2.6,1.0,365,1.0,380.7,1,51,81,348,45.0,1,4.98,4.98,4.98,4.96,4.98,4.93,4.89,5,3.59,285
1,1,1.0,0,1.0,1,1,1,1,198.4130841,1,0,3.0,3.0,1,2.1,3,2.6,4.0,30,4.0,1125.0,0,0,0,0,7.0,0,5.0,4.89,5.0,5.0,5.0,5.0,4.89,3,0.6,100
0,0,0.95,0,1.0,1,1,0,1,110.0,1,0,3.0,6.0,0,1.0,1,2.0,1.0,365,1.0,365.0,0,7,37,306,23.0,0,4.9,4.87,4.81,4.9,4.94,4.94,4.65,2,2.0,544
1,1,0.99,1,1.0,1,1,0,1,220.0,1,1,9.0,11.0,0,2.0,2,2.0,28.0,365,28.0,1125.0,0,30,40,245,0.0,0,5.0,4.9,5.0,4.9,5.0,4.9,5.0,2,0.13,92
1,0,1.0,1,1.0,1,1,1,1,400.0,1,1,6.1,8.6,1,2.0,3,3.0,1.0,1125,2.6,220.2,1,37,67,300,23.0,1,4.81,4.85,4.78,4.81,4.78,4.81,4.67,3,1.9,512
1,1,0.97,1,1.0,1,0,1,1,249.0,1,0,1.0,1.0,1,2.0,4,2.3,1.0,90,1.3,90.0,1,32,60,143,58.0,4,4.97,4.99,4.94,5.0,5.0,4.89,4.92,1,5.02,536
1,1,1.0,1,1.0,1,1,0,0,168.0,1,1,5.0,5.0,0,1.0,1,2.0,1.0,365,1.0,380.7,1,47,75,332,3.0,2,5.0,5.0,5.0,5.0,5.0,5.0,5.0,5,0.29,368
1,1,0.98,1,,1,1,0,1,153.0,1,0,17.0,19.0,0,1.0,1,1.0,2.0,365,1.8,365.0,0,25,38,200,14.0,0,5.0,5.0,5.0,5.0,5.0,5.0,5.0,10,1.24,174
1,1,0.99,1,,1,1,0,1,150.0,1,1,32.0,46.0,0,1.0,1,1.0,1.0,365,3.3,365.0,1,60,90,360,26.0,0,5.0,5.0,5.0,4.86,4.96,5.0,4.89,3,2.09,266
1,0,0.99,1,1.0,1,1,1,1,454.0,1,0,22.0,38.0,1,3.0,3,2.3,3.0,1125,5.1,1125.0,1,51,81,322,3.0,0,5.0,5.0,5.0,5.0,5.0,5.0,4.86,3,0.48,282
1,1,0.99,1,,1,1,0,1,175.0,1,1,32.0,46.0,1,2.0,2,3.0,2.0,365,2.9,365.0,1,36,66,339,21.0,1,5.0,5.0,5.0,4.92,4.96,4.96,4.92,3,1.79,243
1,1,0.99,1,,1,1,0,1,198.4130841,1,0,32.0,46.0,0,2.1,2,2.6,30.0,365,29.4,365.0,0,13,13,30,3.0,0,5.0,5.0,4.9,5.0,5.0,5.0,5.0,3,0.32,481
1,1,1.0,1,,1,1,0,1,210.0,1,1,7.0,10.0,0,3.0,2,2.0,1.0,365,2.0,1125.0,0,38,58,294,29.0,2,4.97,4.97,5.0,4.86,5.0,4.97,4.81,7,2.6,472
1,1,0.98,1,,1,1,0,1,129.0,1,0,17.0,19.0,0,1.0,1,2.0,1.0,30,1.7,30.0,1,60,90,365,24.0,1,4.87,4.94,4.9,4.97,4.9,4.97,4.74,10,2.15,151
1,1,0.99,0,1.0,1,1,0,0,59.0,1,1,5.0,5.0,0,1.0,1,1.0,1.0,1125,1.0,1125.0,0,0,4,238,33.0,1,4.9,4.76,4.9,4.93,4.83,4.93,4.9,5,2.87,349
1,1,0.99,0,1.0,1,1,0,0,55.0,1,1,5.0,5.0,0,1.0,1,1.0,1.0,1125,1.0,1125.0,1,41,62,298,33.0,1,4.9,4.9,4.9,4.78,4.92,4.86,4.64,5,3.48,341
1,1,0.99,1,1.0,1,1,0,1,415.0,1,1,15.0,21.0,1,1.6,4,2.3,2.0,45,4.2,1125.0,1,33,58,321,28.0,0,4.94,4.97,5.0,4.97,5.0,4.88,4.88,4,2.46,54
1,1,1.0,0,1.0,1,1,0,1,136.0,1,1,1.0,1.0,1,2.0,2,3.0,27.0,365,27.0,365.0,1,60,84,84,2.0,0,5.0,5.0,5.0,5.0,5.0,5.0,5.0,1,0.28,188
1,1,0.95,1,1.0,0,0,0,0,101.0,1,0,1.0,1.0,0,1.0,1,1.0,30.0,31,30.0,31.0,1,60,90,270,12.0,0,5.0,4.95,5.0,5.0,5.0,5.0,4.95,1,1.5,30
1,1,0.98,1,,1,1,1,1,255.0,1,1,17.0,19.0,1,1.6,3,3.0,2.0,365,1.7,365.0,1,37,56,269,12.0,0,4.92,5.0,5.0,5.0,4.92,4.85,5.0,10,1.0,432
1,1,0.96,1,1.0,1,1,0,1,306.0,1,1,1.0,1.0,0,2.0,2,2.0,3.0,28,3.0,1125.0,1,54,84,172,13.0,0,5.0,5.0,5.0,4.93,5.0,5.0,4.93,1,1.14,258
1,1,1.0,1,0.0,0,1,0,1,155.0,1,0,1.0,1.0,0,1.0,2,2.0,2.0,1125,2.0,1125.0,1,34,62,152,45.0,1,5.0,5.0,4.94,4.81,4.94,4.96,4.81,1,3.6,398
1,0,0.99,1,,1,1,0,1,110.0,1,1,6.1,8.6,1,3.0,3,4.0,30.0,365,30.0,365.0,0,30,31,241,1.0,0,5.0,5.0,5.0,5.0,5.0,5.0,5.0,11,0.23,342
1,0,0.99,1,,1,1,1,1,232.0,1,1,6.1,8.6,1,3.0,3,4.0,1.0,365,2.6,365.0,1,43,73,292,6.0,1,5.0,5.0,5.0,5.0,5.0,5.0,4.67,11,0.99,342
0,1,0.97,1,1.0,1,1,0,1,160.0,1,0,1.0,1.0,0,1.0,1,1.0,2.0,91,2.0,91.0,0,1,1,15,25.0,0,4.92,4.88,4.96,4.88,5.0,4.92,4.8,1,2.09,115
1,1,1.0,0,1.0,1,0,0,1,168.0,1,0,1.0,1.0,0,1.0,1,1.0,3.0,365,3.0,365.0,1,40,70,73,6.0,0,5.0,4.9,5.0,4.83,5.0,5.0,4.83,1,0.65,160
1,1,0.99,1,,1,1,0,1,164.0,1,1,32.0,46.0,0,1.0,2,2.0,2.0,365,3.0,365.0,1,55,85,357,18.0,0,4.89,5.0,5.0,4.94,4.94,4.89,4.94,3,1.84,247
1,1,0.99,1,,1,1,0,1,175.0,1,1,32.0,46.0,0,1.0,2,2.0,1.0,365,3.0,365.0,1,56,86,358,24.0,0,5.0,4.96,4.96,5.0,5.0,4.92,4.92,3,2.03,244
1,1,0.99,1,,1,1,0,1,236.0,1,1,32.0,46.0,0,2.0,2,2.0,1.0,365,3.7,365.0,0,12,12,247,12.0,0,5.0,4.92,5.0,5.0,5.0,5.0,4.92,3,0.99,241
1,1,0.99,1,1.0,1,1,1,1,335.0,1,1,17.0,17.0,1,2.0,3,4.0,2.0,28,2.0,28.0,1,41,68,322,14.0,1,4.93,4.93,5.0,5.0,5.0,4.93,5.0,8,1.2,363
1,1,0.99,1,,1,1,0,1,117.0,1,0,32.0,46.0,0,1.5,2,2.0,30.0,365,29.4,365.0,1,54,84,105,0.0,0,4.9,4.9,4.9,4.9,4.9,4.9,4.8,3,2.1,473
1,1,0.99,1,,1,1,0,1,145.0,1,1,32.0,46.0,0,1.0,1,1.0,2.0,365,3.3,365.0,1,60,90,365,22.0,1,4.91,5.0,5.0,4.91,4.83,4.96,4.87,3,1.86,248
1,0,0.91,0,1.0,1,1,1,1,196.0,1,1,1.0,1.0,1,2.5,2,2.0,30.0,365,2.0,365.0,1,27,44,180,5.0,0,5.0,5.0,4.8,5.0,5.0,5.0,5.0,1,0.45,552
1,1,0.99,1,,1,1,0,1,175.0,1,1,32.0,46.0,0,2.0,2,2.0,1.0,365,3.6,365.0,1,47,77,349,21.0,0,4.91,4.95,4.91,5.0,5.0,4.91,4.86,3,1.77,245
1,1,0.99,1,1.0,1,1,1,1,390.0,1,0,4.0,5.0,1,1.6,4,2.3,2.0,365,3.3,365.0,1,51,69,223,26.0,0,5.0,5.0,5.0,4.96,5.0,4.96,4.81,1,2.48,35
1,1,0.98,1,,1,1,1,1,178.0,1,0,17.0,19.0,0,3.0,4,2.3,30.0,365,30.0,365.0,0,0,0,155,3.0,0,5.0,5.0,5.0,5.0,5.0,5.0,5.0,10,0.33,228
1,1,0.99,1,1.0,1,1,0,1,170.0,1,1,17.0,17.0,0,1.0,1,2.0,1.0,365,2.0,365.0,1,41,68,329,6.0,0,5.0,4.83,5.0,5.0,5.0,5.0,4.83,8,0.61,191
1,1,0.99,1,1.0,1,1,1,1,438.0,1,1,17.0,17.0,1,3.0,4,2.3,1.0,365,2.0,365.0,1,41,68,322,12.0,0,5.0,5.0,4.92,5.0,5.0,5.0,4.92,8,1.09,379
0,0,1.0,0,1.0,1,1,1,1,198.4130841,1,0,1.0,2.0,0,2.1,3,2.6,29.0,36,28.0,36.0,0,0,0,0,2.0,0,5.0,5.0,5.0,5.0,5.0,5.0,4.9,1,0.45,167
0,1,1.0,1,1.0,1,1,1,1,162.0,1,0,2.0,2.0,1,2.5,3,2.3,30.0,365,30.0,365.0,1,52,82,260,5.0,1,5.0,5.0,5.0,5.0,5.0,5.0,5.0,2,0.55,25
1,1,0.96,0,1.0,1,1,0,1,143.0,1,0,1.0,1.0,0,1.0,1,1.0,1.0,365,1.0,365.0,1,60,90,270,31.0,1,4.9,4.84,4.97,4.81,4.94,5.0,4.84,1,5.03,413
1,1,0.99,1,1.0,1,1,0,1,155.0,1,0,17.0,17.0,1,1.0,1,4.0,1.0,365,2.0,1125.0,1,48,71,326,52.0,5,4.98,4.96,5.0,4.96,4.94,4.94,4.96,3,4.68,333
1,0,1.0,1,1.0,1,1,0,1,198.4130841,1,1,6.1,8.6,0,2.1,2,2.6,1.0,1125,25.6,209.7,0,6,36,311,0.0,0,4.9,4.9,4.9,4.9,4.9,4.9,4.8,3,2.1,515
1,0,1.0,1,1.0,1,1,1,1,125.0,1,1,6.1,8.6,0,2.0,2,2.0,1.0,1125,11.8,722.7,1,54,84,167,0.0,0,4.9,4.9,4.9,4.9,4.9,4.9,4.8,3,2.1,514
1,0,1.0,1,1.0,1,1,0,1,84.0,1,1,6.1,8.6,0,1.0,1,2.0,1.0,1125,27.6,135.3,0,29,59,334,0.0,0,4.9,4.9,4.9,4.9,4.9,4.9,4.8,3,2.1,397
1,0,1.0,1,1.0,1,1,0,1,134.0,1,1,6.1,8.6,0,2.0,2,2.0,1.0,1125,28.5,100.6,0,38,68,343,0.0,0,4.9,4.9,4.9,4.9,4.9,4.9,4.8,3,2.1,133
1,0,1.0,1,1.0,1,1,0,1,167.0,1,1,6.1,8.6,1,3.5,3,3.0,1.0,1125,23.0,306.0,1,29,52,297,1.0,1,5.0,5.0,5.0,5.0,5.0,5.0,5.0,3,1.0,503
1,0,1.0,1,1.0,1,1,0,1,117.0,1,1,6.1,8.6,0,2.0,2,2.0,1.0,1125,11.6,729.5,0,39,65,240,0.0,0,4.9,4.9,4.9,4.9,4.9,4.9,4.8,3,2.1,516
1,0,1.0,1,1.0,1,1,0,1,150.0,1,1,6.1,8.6,1,2.5,3,4.0,1.0,1125,21.3,368.0,0,43,67,288,0.0,0,4.9,4.9,4.9,4.9,4.9,4.9,4.8,3,2.1,506
1,0,1.0,1,1.0,1,1,0,1,160.0,1,1,6.1,8.6,0,2.5,2,3.0,1.0,1125,16.2,558.8,1,59,60,251,0.0,0,4.9,4.9,4.9,4.9,4.9,4.9,4.8,3,2.1,513
1,0,1.0,1,1.0,1,1,1,1,184.0,1,1,6.1,8.6,1,3.5,4,2.3,1.0,1125,29.9,48.5,1,59,89,364,0.0,0,4.9,4.9,4.9,4.9,4.9,4.9,4.8,3,2.1,132
1,0,1.0,1,1.0,1,1,0,1,85.0,1,1,6.1,8.6,1,2.0,3,4.0,1.0,1125,1.0,1125.0,0,0,0,0,0.0,0,4.9,4.9,4.9,4.9,4.9,4.9,4.8,3,2.1,134
1,1,1.0,0,1.0,1,1,1,1,295.0,1,0,3.0,3.0,1,2.0,2,3.0,4.0,60,4.0,1125.0,0,0,0,29,1.0,0,5.0,5.0,5.0,5.0,5.0,5.0,5.0,3,0.1,88
1,0,0.98,1,,1,1,0,1,89.0,1,1,3.0,6.0,0,1.0,1,1.0,30.0,365,30.0,365.0,0,3,33,301,0.0,0,4.9,4.9,4.9,4.9,4.9,4.9,4.8,3,2.1,117
1,1,1.0,1,1.0,1,1,0,1,199.0,1,1,3.0,3.0,0,1.5,1,1.0,3.0,365,3.0,1125.0,1,60,90,353,20.0,2,4.9,4.95,5.0,4.9,5.0,4.9,4.85,3,1.76,196
1,1,1.0,0,1.0,1,1,1,1,274.0,1,0,2.0,2.0,0,2.0,2,2.0,3.0,365,3.0,365.0,0,3,3,98,22.0,1,4.95,5.0,5.0,5.0,5.0,5.0,4.91,1,2.07,194
0,1,1.0,1,1.0,1,1,1,1,145.0,1,0,2.0,2.0,1,2.5,3,2.3,30.0,365,30.0,365.0,0,0,6,249,2.0,0,5.0,5.0,5.0,5.0,5.0,4.9,5.0,2,0.37,47
1,0,0.99,0,1.0,1,0,0,1,487.0,1,1,6.1,8.6,0,1.6,4,2.3,3.0,1125,3.0,1125.0,1,28,51,263,6.0,1,5.0,5.0,5.0,5.0,4.83,5.0,4.83,12,1.17,458
1,1,0.99,1,1.0,1,1,0,1,210.0,1,0,17.0,17.0,1,2.0,2,4.0,1.0,365,2.0,1125.0,1,40,68,328,61.0,1,4.97,4.98,4.98,4.95,4.97,4.98,4.89,3,1.8,335
1,1,0.99,1,1.0,1,1,0,1,210.0,1,0,17.0,17.0,1,2.0,2,4.0,1.0,365,2.0,1125.0,1,38,65,320,52.0,2,4.94,4.96,4.98,4.98,4.96,4.94,4.88,3,4.76,332
1,1,0.97,1,1.0,1,1,0,1,156.0,1,0,1.0,1.0,1,1.0,2,3.0,2.0,183,2.0,183.0,1,32,62,237,31.0,3,4.94,4.9,5.0,4.84,4.94,4.9,4.94,1,3.08,409
1,0,1.0,1,1.0,1,1,0,1,109.0,1,1,6.1,8.6,0,1.0,1,2.0,1.0,1125,2.7,163.8,1,37,51,299,11.0,2,4.82,5.0,4.91,4.82,4.82,4.82,4.73,3,1.12,377
1,1,1.0,1,1.0,1,1,0,1,121.0,1,0,1.0,1.0,0,1.0,1,1.0,2.0,30,2.0,30.0,1,36,66,154,32.0,2,5.0,4.97,5.0,5.0,4.97,4.97,5.0,1,3.61,443
1,1,0.8,0,,1,1,1,1,179.0,1,0,1.0,3.0,0,2.0,2,2.0,28.0,180,28.0,180.0,1,57,87,201,2.0,0,5.0,5.0,5.0,5.0,5.0,5.0,5.0,1,0.43,147
1,1,0.96,0,1.0,1,1,1,1,199.0,1,0,5.0,6.0,1,2.0,3,2.3,27.0,90,27.0,90.0,1,46,53,143,1.0,0,5.0,5.0,5.0,5.0,5.0,5.0,4.9,1,0.57,78
1,1,0.98,1,,1,1,1,1,129.0,1,1,17.0,19.0,0,1.0,1,1.0,1.0,120,1.7,120.0,0,0,0,0,14.0,3,4.79,4.86,4.86,5.0,5.0,4.93,4.9,10,2.19,209
1,1,1.0,0,0.0,1,1,1,1,399.0,1,1,1.0,1.0,1,2.0,3,2.3,2.0,365,2.0,365.0,1,54,84,262,0.0,0,4.9,4.9,4.9,4.9,4.9,4.9,4.8,1,2.1,91
1,1,0.99,1,1.0,1,1,1,1,198.4130841,1,1,17.0,17.0,1,2.1,3,2.6,2.0,90,2.0,90.0,1,42,72,248,11.0,1,5.0,5.0,4.91,5.0,5.0,5.0,4.91,8,1.58,328
1,1,0.99,1,1.0,1,1,1,1,105.0,1,0,15.0,28.0,0,1.5,2,2.0,27.0,365,27.0,365.0,1,51,51,273,0.0,0,4.9,4.9,4.9,4.9,4.9,4.9,4.8,5,2.1,175
1,1,0.99,0,1.0,1,1,1,1,236.0,1,0,5.0,5.0,1,1.0,3,3.0,1.0,1125,1.0,1125.0,0,0,0,120,4.0,0,5.0,4.9,5.0,5.0,5.0,5.0,5.0,5,0.75,351
1,1,0.99,0,1.0,1,1,1,1,120.0,1,0,5.0,5.0,0,1.0,1,2.3,1.0,365,1.0,365.0,0,0,0,20,0.0,0,4.9,4.9,4.9,4.9,4.9,4.9,4.8,5,2.1,352
1,1,1.0,0,1.0,1,1,1,1,125.0,1,1,1.0,2.0,0,1.0,1,1.0,3.0,365,3.0,365.0,0,14,14,20,7.0,1,5.0,5.0,5.0,5.0,5.0,5.0,4.86,1,1.16,255
0,1,0.8,1,0.0,1,1,0,1,159.0,1,0,2.0,5.0,0,1.0,2,1.0,30.0,120,30.0,120.0,0,0,0,37,2.0,0,5.0,5.0,5.0,5.0,5.0,5.0,5.0,1,0.37,357
0,0,1.0,0,,1,0,0,1,110.0,1,0,1.0,2.0,0,2.0,2,2.0,30.0,365,30.0,365.0,0,0,0,150,1.0,0,5.0,4.9,5.0,5.0,5.0,5.0,5.0,1,0.7,93
1,0,0.99,0,1.0,1,0,0,1,102.0,1,1,6.1,8.6,0,2.0,2,2.0,30.0,1125,30.0,1125.0,0,43,73,348,1.0,0,5.0,5.0,5.0,5.0,5.0,5.0,5.0,12,0.44,456
1,1,1.0,0,1.0,0,0,0,1,180.0,1,0,1.0,1.0,1,1.0,2,2.0,28.0,365,28.0,365.0,1,46,46,269,0.0,0,4.9,4.9,4.9,4.9,4.9,4.9,4.8,1,2.1,107
0,0,0.5,0,1.0,1,1,1,1,150.0,1,0,1.0,1.0,0,1.5,3,2.0,30.0,365,30.0,365.0,1,59,89,269,1.0,0,5.0,5.0,5.0,5.0,5.0,5.0,5.0,1,0.18,118
1,1,1.0,1,0.0,1,1,0,1,342.0,1,1,6.0,18.0,0,1.0,1,2.0,1.0,365,1.0,365.0,1,42,71,204,1.0,0,5.0,5.0,5.0,5.0,5.0,5.0,4.9,6,0.17,429
1,1,1.0,1,0.0,1,1,0,1,318.0,1,1,6.0,18.0,1,1.0,1,3.0,1.0,365,1.0,365.0,1,38,66,179,9.0,2,4.78,5.0,4.89,5.0,5.0,5.0,4.67,6,1.29,429
1,1,0.99,1,1.0,1,1,0,1,119.0,1,1,9.0,11.0,0,1.0,1,2.3,2.0,365,2.0,365.0,0,19,45,294,44.0,4,4.93,4.98,4.95,4.82,4.91,4.93,4.98,2,1.8,424
1,1,0.99,1,,1,1,0,1,281.0,1,0,32.0,46.0,0,1.0,1,1.0,3.0,365,3.0,365.0,1,21,21,21,7.0,1,5.0,5.0,5.0,5.0,5.0,5.0,4.86,3,1.78,404
1,1,0.99,1,,1,1,0,1,108.0,1,0,32.0,46.0,0,1.0,2,2.0,30.0,365,29.1,365.0,0,38,68,137,1.0,0,5.0,5.0,4.9,5.0,5.0,4.9,4.9,3,0.75,104
1,1,0.89,1,1.0,0,1,0,1,160.0,1,0,1.0,1.0,0,1.0,1,2.3,1.0,30,1.0,1125.0,1,37,67,236,4.0,0,5.0,5.0,5.0,5.0,5.0,5.0,5.0,1,1.32,554
1,1,1.0,0,1.0,1,0,0,1,189.0,1,0,1.0,1.0,0,2.5,2,3.0,2.0,14,2.0,1125.0,0,3,3,60,0.0,0,4.9,4.9,4.9,4.9,4.9,4.9,4.8,1,2.1,257
1,1,0.99,1,1.0,1,1,1,1,320.0,1,1,15.0,21.0,1,3.0,4,4.0,30.0,180,30.0,1125.0,0,0,0,183,0.0,0,4.9,4.9,4.9,4.9,4.9,4.9,4.8,4,2.1,474
0,0,0.0,0,1.0,1,1,1,1,198.4130841,1,0,2.0,2.0,0,2.1,2,2.6,30.0,365,30.0,365.0,1,59,89,179,0.0,0,4.9,4.9,4.9,4.9,4.9,4.9,4.8,2,2.1,87
0,0,0.0,0,1.0,1,1,0,1,200.0,1,0,2.0,2.0,0,1.0,1,1.0,30.0,365,30.0,365.0,1,60,90,365,0.0,0,4.9,4.9,4.9,4.9,4.9,4.9,4.8,2,2.1,89
1,1,1.0,1,1.0,1,1,0,1,161.0,1,1,2.0,3.0,0,1.0,1,2.0,1.0,365,1.0,365.0,1,40,70,156,42.0,4,4.9,4.88,4.95,5.0,4.95,4.9,4.88,2,1.8,213
0,1,0.83,1,1.0,1,0,1,1,225.0,1,0,3.0,4.0,0,2.5,3,3.0,28.0,365,28.0,365.0,1,58,88,178,1.0,0,5.0,5.0,5.0,5.0,5.0,5.0,5.0,2,0.37,232
1,1,0.2,0,1.0,1,0,1,1,240.0,1,0,1.0,1.0,1,2.0,4,3.0,30.0,300,30.0,300.0,0,0,0,161,0.0,0,4.9,4.9,4.9,4.9,4.9,4.9,4.8,1,2.1,84
1,0,0.99,1,1.0,1,1,1,1,158.0,1,0,22.0,38.0,0,1.0,2,2.0,3.0,1125,4.4,1125.0,0,35,65,291,4.0,0,5.0,5.0,5.0,5.0,5.0,5.0,4.75,3,0.75,493
0,0,0.95,0,1.0,1,1,1,1,265.0,0,0,1.0,2.0,1,3.5,3,2.3,60.0,365,60.0,365.0,1,59,89,269,0.0,0,4.9,4.9,4.9,4.9,4.9,4.9,4.8,1,2.1,94
0,1,0.95,0,1.0,1,1,1,1,120.0,0,0,2.0,2.0,1,2.0,3,3.0,28.0,90,28.0,90.0,0,24,48,159,0.0,0,4.9,4.9,4.9,4.9,4.9,4.9,4.8,2,2.1,79
1,0,1.0,1,1.0,1,1,1,1,117.0,1,1,6.1,8.6,1,2.5,6,3.0,1.0,1125,28.7,93.1,0,41,71,346,0.0,0,4.9,4.9,4.9,4.9,4.9,4.9,4.8,3,2.1,542
1,0,1.0,1,1.0,1,1,1,1,152.0,1,1,6.1,8.6,0,2.5,2,2.0,1.0,1125,2.7,189.9,1,30,60,319,7.0,1,4.86,4.86,4.9,4.9,5.0,5.0,4.71,3,1.65,504
0,0,0.17,0,1.0,0,1,0,1,96.0,1,0,2.0,2.0,0,2.0,2,2.0,30.0,365,30.0,365.0,1,59,89,89,0.0,0,4.9,4.9,4.9,4.9,4.9,4.9,4.8,2,2.1,83
0,0,0.17,0,1.0,0,1,0,1,120.0,1,0,2.0,2.0,0,2.0,2,2.0,30.0,365,30.0,365.0,1,59,89,89,0.0,0,4.9,4.9,4.9,4.9,4.9,4.9,4.8,2,2.1,83
1,1,0.98,1,,1,1,1,1,132.0,1,0,17.0,19.0,0,1.0,1,2.0,2.0,365,1.7,365.0,1,59,89,269,10.0,2,4.9,4.9,4.9,5.0,5.0,4.9,4.9,10,2.68,427
1,0,1.0,1,1.0,1,1,1,1,116.0,1,1,6.1,8.6,0,2.5,2,2.0,1.0,1125,28.9,88.2,1,55,85,360,0.0,0,4.9,4.9,4.9,4.9,4.9,4.9,4.8,3,2.1,414
1,1,0.93,0,1.0,1,1,0,0,62.0,1,0,9.0,14.0,0,1.0,2,2.0,28.0,120,28.0,1125.0,0,42,72,162,0.0,0,4.9,4.9,4.9,4.9,4.9,4.9,4.8,8,2.1,289
1,1,0.93,0,1.0,1,1,1,1,132.0,1,0,9.0,14.0,1,2.0,2,4.0,28.0,120,28.0,1125.0,0,42,72,162,0.0,0,4.9,4.9,4.9,4.9,4.9,4.9,4.8,8,2.1,308
1,1,0.93,0,1.0,1,1,0,0,57.0,1,0,9.0,14.0,0,1.0,1,2.0,28.0,90,28.0,1125.0,0,42,72,162,0.0,0,4.9,4.9,4.9,4.9,4.9,4.9,4.8,8,2.1,309
0,0,0.95,0,1.0,1,1,1,1,240.0,0,0,1.0,1.0,1,2.0,4,2.3,30.0,90,30.0,90.0,1,58,88,363,0.0,0,4.9,4.9,4.9,4.9,4.9,4.9,4.8,1,2.1,181
0,1,0.95,0,1.0,1,1,0,0,74.0,0,0,2.0,2.0,0,1.0,1,1.0,28.0,90,28.0,90.0,1,52,82,172,0.0,0,4.9,4.9,4.9,4.9,4.9,4.9,4.8,2,2.1,103
1,1,1.0,1,,1,1,1,1,119.0,1,1,2.0,2.0,1,2.0,3,3.0,28.0,365,28.0,365.0,0,0,0,0,0.0,0,4.9,4.9,4.9,4.9,4.9,4.9,4.8,2,2.1,114
1,1,1.0,1,1.0,1,1,0,1,125.0,1,0,1.0,1.0,0,1.0,1,2.0,1.0,365,1.0,365.0,1,52,82,311,20.0,3,4.9,4.9,4.85,4.85,4.9,4.8,4.8,1,1.8,240
1,1,0.99,1,,1,1,0,1,126.0,1,0,32.0,46.0,0,1.5,1,2.3,30.0,365,28.9,365.0,1,59,89,290,0.0,0,4.9,4.9,4.9,4.9,4.9,4.9,4.8,3,2.1,105
1,1,0.99,1,,1,1,0,1,132.0,1,0,32.0,46.0,0,1.5,2,2.0,30.0,365,29.1,365.0,0,7,37,120,1.0,1,5.0,5.0,5.0,5.0,5.0,5.0,5.0,3,1.0,106
1,1,0.99,1,,1,1,0,1,125.0,1,0,32.0,46.0,0,1.5,2,2.0,30.0,365,28.8,365.0,1,59,89,290,0.0,0,4.9,4.9,4.9,4.9,4.9,4.9,4.8,3,2.1,106
1,1,1.0,0,1.0,1,1,0,1,400.0,1,0,2.0,3.0,0,3.5,2,2.0,28.0,60,28.0,60.0,1,58,88,363,0.0,0,4.9,4.9,4.9,4.9,4.9,4.9,4.8,2,2.1,482
1,1,0.99,1,0.0,1,1,0,1,152.0,1,1,3.0,3.0,1,1.0,3,4.0,2.0,14,2.0,14.0,1,41,71,320,5.0,4,5.0,5.0,5.0,5.0,5.0,5.0,5.0,2,4.41,99
1,1,0.93,0,1.0,1,1,0,0,50.0,1,1,9.0,14.0,0,1.0,1,1.0,30.0,190,30.0,190.0,0,38,68,158,0.0,0,4.9,4.9,4.9,4.9,4.9,4.9,4.8,8,2.1,375
1,1,0.93,0,1.0,1,1,0,0,59.0,1,1,9.0,14.0,0,1.0,1,1.0,30.0,160,30.0,160.0,0,38,68,158,0.0,0,4.9,4.9,4.9,4.9,4.9,4.9,4.8,8,2.1,375
1,1,0.93,0,1.0,1,1,1,1,124.0,1,1,9.0,14.0,0,2.0,2,2.0,30.0,170,30.0,170.0,0,38,68,158,0.0,0,4.9,4.9,4.9,4.9,4.9,4.9,4.8,8,2.1,376
0,1,0.48,0,0.0,1,0,0,1,131.0,1,0,1.0,1.0,0,1.0,1,1.0,1.0,365,1.1,365.0,1,59,89,363,8.0,3,4.88,4.88,5.0,4.88,4.88,4.9,5.0,1,3.69,142
1,1,0.99,1,,1,1,0,1,85.0,1,0,32.0,46.0,0,1.0,1,2.3,30.0,365,28.8,365.0,1,59,89,233,0.0,0,4.9,4.9,4.9,4.9,4.9,4.9,4.8,3,2.1,553
1,1,0.97,1,1.0,1,1,0,1,116.0,1,0,3.0,4.0,0,1.0,1,1.0,1.0,28,3.8,28.0,1,60,90,254,3.0,2,5.0,5.0,5.0,5.0,5.0,5.0,4.67,1,2.14,207
0,0,0.95,0,1.0,1,1,0,0,55.0,0,0,2.0,2.0,0,1.0,1,1.0,30.0,90,30.0,90.0,0,38,68,343,0.0,0,4.9,4.9,4.9,4.9,4.9,4.9,4.8,2,2.1,86
0,0,0.95,0,1.0,1,1,1,1,120.0,0,0,2.0,2.0,0,2.0,3,3.0,28.0,120,28.0,120.0,0,38,68,234,0.0,0,4.9,4.9,4.9,4.9,4.9,4.9,4.8,2,2.1,90
1,1,0.99,1,,1,1,0,1,150.0,1,1,32.0,46.0,0,1.0,1,1.0,3.0,365,3.0,365.0,1,54,84,351,1.0,0,5.0,5.0,5.0,5.0,5.0,5.0,5.0,3,0.94,277
0,0,0.95,0,1.0,1,0,0,1,142.0,1,0,1.0,2.0,0,2.5,2,2.0,27.0,365,27.0,365.0,1,57,87,177,0.0,0,4.9,4.9,4.9,4.9,4.9,4.9,4.8,1,2.1,218
1,1,0.99,1,,1,1,0,1,104.0,1,0,32.0,46.0,0,2.0,2,2.0,30.0,365,28.4,365.0,1,59,89,295,0.0,0,4.9,4.9,4.9,4.9,4.9,4.9,4.8,3,2.1,239
1,1,0.99,1,1.0,1,1,1,1,150.0,1,1,15.0,28.0,0,2.0,2,2.0,2.0,365,2.0,365.0,1,39,69,236,5.0,4,5.0,5.0,4.8,5.0,5.0,5.0,5.0,5,4.05,537
1,1,0.99,1,,1,1,0,1,125.0,1,0,32.0,46.0,0,2.0,2,2.0,30.0,365,28.4,365.0,0,39,69,275,0.0,0,4.9,4.9,4.9,4.9,4.9,4.9,4.8,3,2.1,238
1,1,1.0,1,1.0,1,1,1,1,356.0,1,0,2.0,2.0,1,2.5,4,4.0,30.0,30,30.0,1125.0,0,7,37,312,0.0,0,4.9,4.9,4.9,4.9,4.9,4.9,4.8,2,2.1,53
0,0,0.95,0,1.0,1,0,0,1,144.0,0,0,1.0,2.0,0,1.0,1,1.0,9.4,730,10.2,730.0,1,58,88,363,0.0,0,4.9,4.9,4.9,4.9,4.9,4.9,4.8,1,2.1,550
1,1,0.99,1,,1,1,0,1,118.0,1,0,32.0,46.0,0,1.5,2,2.0,30.0,365,28.8,365.0,0,39,69,213,0.0,0,4.9,4.9,4.9,4.9,4.9,4.9,4.8,3,2.1,236
1,1,0.99,1,,1,1,0,1,104.0,1,0,32.0,46.0,0,2.0,2,2.0,30.0,365,28.2,365.0,1,59,89,330,0.0,0,4.9,4.9,4.9,4.9,4.9,4.9,4.8,3,2.1,237
1,1,1.0,1,0.0,1,1,0,1,351.0,1,1,6.0,18.0,0,1.0,1,2.0,1.0,365,2.3,365.0,1,57,81,81,0.0,0,4.9,4.9,4.9,4.9,4.9,4.9,4.8,6,2.1,429
1,1,1.0,1,0.0,1,1,0,1,351.0,1,1,6.0,18.0,0,1.0,1,2.0,1.0,365,3.5,365.0,1,57,81,81,0.0,0,4.9,4.9,4.9,4.9,4.9,4.9,4.8,6,2.1,429
1,1,1.0,1,0.0,1,1,0,1,318.0,1,1,6.0,18.0,1,1.0,1,3.0,1.0,365,2.2,365.0,1,46,70,70,0.0,0,4.9,4.9,4.9,4.9,4.9,4.9,4.8,6,2.1,429
1,1,1.0,1,0.0,1,1,0,1,318.0,1,1,6.0,18.0,1,1.0,1,3.0,1.0,365,3.4,365.0,1,46,70,70,0.0,0,4.9,4.9,4.9,4.9,4.9,4.9,4.8,6,2.1,429
1,1,0.99,1,,1,1,1,1,599.0,1,0,32.0,46.0,1,3.5,4,2.3,5.0,365,5.0,365.0,1,43,60,60,0.0,0,4.9,4.9,4.9,4.9,4.9,4.9,4.8,3,2.1,267
1,1,0.95,0,1.0,1,1,0,1,86.0,1,0,3.0,3.0,0,1.0,2,2.0,28.0,365,28.0,365.0,0,38,68,343,0.0,0,4.9,4.9,4.9,4.9,4.9,4.9,4.8,3,2.1,157
1,1,0.95,0,1.0,1,1,0,1,140.0,1,0,3.0,3.0,0,1.0,2,2.0,28.0,365,28.0,365.0,1,58,88,363,0.0,0,4.9,4.9,4.9,4.9,4.9,4.9,4.8,3,2.1,81
1,1,0.95,0,1.0,1,1,0,1,86.0,1,0,3.0,3.0,0,1.0,2,2.0,28.0,365,28.0,365.0,0,7,37,312,0.0,0,4.9,4.9,4.9,4.9,4.9,4.9,4.8,3,2.1,195
0,0,0.95,0,1.0,1,1,0,1,148.0,0,0,1.0,1.0,0,2.0,2,2.0,30.0,180,30.0,180.0,1,58,88,178,0.0,0,4.9,4.9,4.9,4.9,4.9,4.9,4.8,1,2.1,551
1,1,1.0,1,,1,1,1,1,840.0,1,0,7.0,10.0,0,2.0,1,1.0,1.0,180,1.0,1125.0,1,60,90,365,0.0,0,4.9,4.9,4.9,4.9,4.9,4.9,4.8,7,2.1,150
1,1,0.99,1,1.0,1,1,0,1,82.0,1,1,17.0,17.0,0,1.5,1,1.0,30.0,365,30.0,365.0,1,54,84,359,0.0,0,4.9,4.9,4.9,4.9,4.9,4.9,4.8,8,2.1,80
1,1,1.0,1,,1,1,1,1,1092.0,1,1,7.0,10.0,1,1.6,4,4.0,1.0,180,1.0,180.0,1,31,53,301,0.0,0,4.9,4.9,4.9,4.9,4.9,4.9,4.8,7,2.1,345
0,0,1.0,0,1.0,1,0,0,1,115.0,1,1,1.0,1.0,0,1.0,1,1.0,1.0,365,1.0,365.0,1,59,89,360,0.0,0,4.9,4.9,4.9,4.9,4.9,4.9,4.8,1,2.1,281
